-- country
INSERT INTO `country` (`id`, `name`) VALUES (1, 'Reunion');
INSERT INTO `country` (`id`, `name`) VALUES (2, 'El Salvador');
INSERT INTO `country` (`id`, `name`) VALUES (3, 'Mayotte');
INSERT INTO `country` (`id`, `name`) VALUES (4, 'Somalia');
INSERT INTO `country` (`id`, `name`) VALUES (5, 'Lesotho');
INSERT INTO `country` (`id`, `name`) VALUES (6, 'United Arab Emirates');
INSERT INTO `country` (`id`, `name`) VALUES (7, 'Iceland');
INSERT INTO `country` (`id`, `name`) VALUES (8, 'Switzerland');
INSERT INTO `country` (`id`, `name`) VALUES (9, 'Sierra Leone');
INSERT INTO `country` (`id`, `name`) VALUES (10, 'United Arab Emirates');
INSERT INTO `country` (`id`, `name`) VALUES (11, 'Jordan');
INSERT INTO `country` (`id`, `name`) VALUES (12, 'Bulgaria');
INSERT INTO `country` (`id`, `name`) VALUES (13, 'Singapore');
INSERT INTO `country` (`id`, `name`) VALUES (14, 'India');
INSERT INTO `country` (`id`, `name`) VALUES (15, 'Philippines');
INSERT INTO `country` (`id`, `name`) VALUES (16, 'Greenland');
INSERT INTO `country` (`id`, `name`) VALUES (17, 'Paraguay');
INSERT INTO `country` (`id`, `name`) VALUES (18, 'United States Minor Outlying Islands');
INSERT INTO `country` (`id`, `name`) VALUES (19, 'Mexico');
INSERT INTO `country` (`id`, `name`) VALUES (20, 'Liberia');
INSERT INTO `country` (`id`, `name`) VALUES (21, 'South Africa');
INSERT INTO `country` (`id`, `name`) VALUES (22, 'Uruguay');
INSERT INTO `country` (`id`, `name`) VALUES (23, 'Bouvet Island (Bouvetoya)');
INSERT INTO `country` (`id`, `name`) VALUES (24, 'Heard Island and McDonald Islands');
INSERT INTO `country` (`id`, `name`) VALUES (25, 'Saint Vincent and the Grenadines');
INSERT INTO `country` (`id`, `name`) VALUES (26, 'Turkmenistan');
INSERT INTO `country` (`id`, `name`) VALUES (27, 'Suriname');
INSERT INTO `country` (`id`, `name`) VALUES (28, 'Saint Kitts and Nevis');
INSERT INTO `country` (`id`, `name`) VALUES (29, 'Sao Tome and Principe');
INSERT INTO `country` (`id`, `name`) VALUES (30, 'France');
INSERT INTO `country` (`id`, `name`) VALUES (31, 'Lithuania');
INSERT INTO `country` (`id`, `name`) VALUES (32, 'Syrian Arab Republic');
INSERT INTO `country` (`id`, `name`) VALUES (33, 'Zambia');
INSERT INTO `country` (`id`, `name`) VALUES (34, 'Gibraltar');
INSERT INTO `country` (`id`, `name`) VALUES (35, 'Honduras');
INSERT INTO `country` (`id`, `name`) VALUES (36, 'Armenia');
INSERT INTO `country` (`id`, `name`) VALUES (37, 'India');
INSERT INTO `country` (`id`, `name`) VALUES (38, 'United Kingdom');
INSERT INTO `country` (`id`, `name`) VALUES (39, 'Bhutan');
INSERT INTO `country` (`id`, `name`) VALUES (40, 'Saint Helena');
INSERT INTO `country` (`id`, `name`) VALUES (41, 'Palau');
INSERT INTO `country` (`id`, `name`) VALUES (42, 'Suriname');
INSERT INTO `country` (`id`, `name`) VALUES (43, 'Yemen');
INSERT INTO `country` (`id`, `name`) VALUES (44, 'Spain');
INSERT INTO `country` (`id`, `name`) VALUES (45, 'China');
INSERT INTO `country` (`id`, `name`) VALUES (46, 'Haiti');
INSERT INTO `country` (`id`, `name`) VALUES (47, 'Saint Lucia');
INSERT INTO `country` (`id`, `name`) VALUES (48, 'Saudi Arabia');
INSERT INTO `country` (`id`, `name`) VALUES (49, 'Paraguay');
INSERT INTO `country` (`id`, `name`) VALUES (50, 'Fiji');
INSERT INTO `country` (`id`, `name`) VALUES (51, 'Mongolia');
INSERT INTO `country` (`id`, `name`) VALUES (52, 'Nigeria');
INSERT INTO `country` (`id`, `name`) VALUES (53, 'Pakistan');
INSERT INTO `country` (`id`, `name`) VALUES (54, 'Korea');
INSERT INTO `country` (`id`, `name`) VALUES (55, 'Cayman Islands');
INSERT INTO `country` (`id`, `name`) VALUES (56, 'Belgium');
INSERT INTO `country` (`id`, `name`) VALUES (57, 'Croatia');
INSERT INTO `country` (`id`, `name`) VALUES (58, 'Anguilla');
INSERT INTO `country` (`id`, `name`) VALUES (59, 'Bouvet Island (Bouvetoya)');
INSERT INTO `country` (`id`, `name`) VALUES (60, 'Faroe Islands');
INSERT INTO `country` (`id`, `name`) VALUES (61, 'Niue');
INSERT INTO `country` (`id`, `name`) VALUES (62, 'Romania');
INSERT INTO `country` (`id`, `name`) VALUES (63, 'United Kingdom');
INSERT INTO `country` (`id`, `name`) VALUES (64, 'Austria');
INSERT INTO `country` (`id`, `name`) VALUES (65, 'Burundi');
INSERT INTO `country` (`id`, `name`) VALUES (66, 'Nigeria');
INSERT INTO `country` (`id`, `name`) VALUES (67, 'Kyrgyz Republic');
INSERT INTO `country` (`id`, `name`) VALUES (68, 'Svalbard & Jan Mayen Islands');
INSERT INTO `country` (`id`, `name`) VALUES (69, 'Hungary');
INSERT INTO `country` (`id`, `name`) VALUES (70, 'Bouvet Island (Bouvetoya)');
INSERT INTO `country` (`id`, `name`) VALUES (71, 'Kuwait');
INSERT INTO `country` (`id`, `name`) VALUES (72, 'Belarus');
INSERT INTO `country` (`id`, `name`) VALUES (73, 'Saint Barthelemy');
INSERT INTO `country` (`id`, `name`) VALUES (74, 'Bahamas');
INSERT INTO `country` (`id`, `name`) VALUES (75, 'Bhutan');
INSERT INTO `country` (`id`, `name`) VALUES (76, 'United Arab Emirates');
INSERT INTO `country` (`id`, `name`) VALUES (77, 'Swaziland');
INSERT INTO `country` (`id`, `name`) VALUES (78, 'Mozambique');
INSERT INTO `country` (`id`, `name`) VALUES (79, 'Tunisia');
INSERT INTO `country` (`id`, `name`) VALUES (80, 'Maldives');
INSERT INTO `country` (`id`, `name`) VALUES (81, 'Libyan Arab Jamahiriya');
INSERT INTO `country` (`id`, `name`) VALUES (82, 'Bahamas');
INSERT INTO `country` (`id`, `name`) VALUES (83, 'Malaysia');
INSERT INTO `country` (`id`, `name`) VALUES (84, 'Norway');
INSERT INTO `country` (`id`, `name`) VALUES (85, 'Latvia');
INSERT INTO `country` (`id`, `name`) VALUES (86, 'Belarus');
INSERT INTO `country` (`id`, `name`) VALUES (87, 'Guinea');
INSERT INTO `country` (`id`, `name`) VALUES (88, 'Niger');
INSERT INTO `country` (`id`, `name`) VALUES (89, 'Korea');
INSERT INTO `country` (`id`, `name`) VALUES (90, 'Cocos (Keeling) Islands');
INSERT INTO `country` (`id`, `name`) VALUES (91, 'Turks and Caicos Islands');
INSERT INTO `country` (`id`, `name`) VALUES (92, 'Wallis and Futuna');
INSERT INTO `country` (`id`, `name`) VALUES (93, 'Lesotho');
INSERT INTO `country` (`id`, `name`) VALUES (94, 'Trinidad and Tobago');
INSERT INTO `country` (`id`, `name`) VALUES (95, 'Singapore');
INSERT INTO `country` (`id`, `name`) VALUES (96, 'Liechtenstein');
INSERT INTO `country` (`id`, `name`) VALUES (97, 'Liberia');
INSERT INTO `country` (`id`, `name`) VALUES (98, 'El Salvador');
INSERT INTO `country` (`id`, `name`) VALUES (99, 'Saudi Arabia');
INSERT INTO `country` (`id`, `name`) VALUES (100, 'Turkmenistan');

-- articles
INSERT INTO `article` (`id`, `title`, `url`, `date_published`, `date_event`, `topic`, `language`, `tone`, `load_date`, `country_id`) VALUES (1, 'Perferendis repudiandae ullam modi optio voluptates dolor voluptatibus.', 'http://www.schmittreinger.biz/', '1983-05-06', '2017-01-10', 'topic1', '343261029', NULL, '2019-11-19 05:59:31', 1);
INSERT INTO `article` (`id`, `title`, `url`, `date_published`, `date_event`, `topic`, `language`, `tone`, `load_date`, `country_id`) VALUES (2, 'Repellendus reprehenderit voluptatem velit non.', 'http://www.wisozkshanahan.com/', '1994-06-16', '1998-07-08', ' topic3', '67853207', NULL, '2019-11-22 02:08:53', 2);
INSERT INTO `article` (`id`, `title`, `url`, `date_published`, `date_event`, `topic`, `language`, `tone`, `load_date`, `country_id`) VALUES (3, 'Omnis omnis esse necessitatibus saepe sit.', 'http://www.kirlinrippin.com/', '1992-05-17', '1995-05-08', ' topic2', '', NULL, '2019-11-15 13:58:27', 3);
INSERT INTO `article` (`id`, `title`, `url`, `date_published`, `date_event`, `topic`, `language`, `tone`, `load_date`, `country_id`) VALUES (4, 'Modi sunt est laborum culpa facere quia ex placeat.', 'http://fahey.com/', '1987-08-09', '1971-05-29', ' topic2', '477208', NULL, '2019-11-19 20:06:37', 4);
INSERT INTO `article` (`id`, `title`, `url`, `date_published`, `date_event`, `topic`, `language`, `tone`, `load_date`, `country_id`) VALUES (5, 'Pariatur quo rerum nemo eos.', 'http://www.harrisanderson.org/', '2013-02-22', '1995-03-13', 'topic1', '641761353', NULL, '2019-11-16 01:15:41', 5);
INSERT INTO `article` (`id`, `title`, `url`, `date_published`, `date_event`, `topic`, `language`, `tone`, `load_date`, `country_id`) VALUES (6, 'Et error cupiditate unde et aut ipsum minima facilis.', 'http://www.kovacek.org/', '1994-07-06', '1987-01-28', ' topic3', '35594521', NULL, '2019-11-24 04:08:07', 6);
INSERT INTO `article` (`id`, `title`, `url`, `date_published`, `date_event`, `topic`, `language`, `tone`, `load_date`, `country_id`) VALUES (7, 'Assumenda voluptate est quis.', 'http://www.pfannerstill.com/', '2012-12-18', '2000-08-11', ' topic2', '50', NULL, '2019-11-16 01:39:44', 7);
INSERT INTO `article` (`id`, `title`, `url`, `date_published`, `date_event`, `topic`, `language`, `tone`, `load_date`, `country_id`) VALUES (8, 'Earum sed aut necessitatibus sapiente consequatur.', 'http://www.schimmel.com/', '1999-03-19', '2015-06-21', ' topic2', '889490', NULL, '2019-11-24 07:46:50', 8);
INSERT INTO `article` (`id`, `title`, `url`, `date_published`, `date_event`, `topic`, `language`, `tone`, `load_date`, `country_id`) VALUES (9, 'Et culpa et nemo ipsam in autem.', 'http://www.lemkejones.net/', '2003-12-01', '1991-05-11', ' topic2', '601', NULL, '2019-11-15 18:04:17', 9);
INSERT INTO `article` (`id`, `title`, `url`, `date_published`, `date_event`, `topic`, `language`, `tone`, `load_date`, `country_id`) VALUES (10, 'Voluptatibus excepturi et quis error sunt est.', 'http://www.rogahn.com/', '1981-07-11', '1998-09-13', 'topic1', '3245274', NULL, '2019-11-23 16:56:43', 10);
INSERT INTO `article` (`id`, `title`, `url`, `date_published`, `date_event`, `topic`, `language`, `tone`, `load_date`, `country_id`) VALUES (11, 'Nam sequi magnam id est accusantium tempora.', 'http://rempelgusikowski.com/', '1974-08-21', '1996-04-13', ' topic3', '', NULL, '2019-11-15 16:48:10', 11);
INSERT INTO `article` (`id`, `title`, `url`, `date_published`, `date_event`, `topic`, `language`, `tone`, `load_date`, `country_id`) VALUES (12, 'Quisquam architecto et doloremque ut eaque accusamus quae ipsam.', 'http://weissnat.com/', '1987-03-11', '2001-10-30', ' topic2', '798840533', NULL, '2019-11-20 06:39:41', 12);
INSERT INTO `article` (`id`, `title`, `url`, `date_published`, `date_event`, `topic`, `language`, `tone`, `load_date`, `country_id`) VALUES (13, 'At molestiae sed maxime quasi.', 'http://www.littel.net/', '2015-01-08', '1982-05-16', ' topic3', '82716852', NULL, '2019-11-18 06:07:27', 13);
INSERT INTO `article` (`id`, `title`, `url`, `date_published`, `date_event`, `topic`, `language`, `tone`, `load_date`, `country_id`) VALUES (14, 'Eligendi dolorem eaque optio eum eos adipisci iste.', 'http://www.romaguera.biz/', '1984-02-21', '2019-04-09', 'topic1', '954', NULL, '2019-11-24 12:10:04', 14);
INSERT INTO `article` (`id`, `title`, `url`, `date_published`, `date_event`, `topic`, `language`, `tone`, `load_date`, `country_id`) VALUES (15, 'Accusamus unde dicta illo minima alias aspernatur rerum mollitia.', 'http://www.cremin.com/', '2002-07-21', '2001-05-25', ' topic3', '4600564', NULL, '2019-11-15 15:57:59', 15);
INSERT INTO `article` (`id`, `title`, `url`, `date_published`, `date_event`, `topic`, `language`, `tone`, `load_date`, `country_id`) VALUES (16, 'Omnis et enim dicta.', 'http://funk.net/', '1996-12-20', '2006-07-20', ' topic2', '1', NULL, '2019-11-18 15:37:39', 16);
INSERT INTO `article` (`id`, `title`, `url`, `date_published`, `date_event`, `topic`, `language`, `tone`, `load_date`, `country_id`) VALUES (17, 'Enim veritatis soluta aut in alias quia eos.', 'http://www.mantelang.com/', '2004-12-02', '1976-11-27', ' topic3', '4621469', NULL, '2019-11-20 03:02:32', 17);
INSERT INTO `article` (`id`, `title`, `url`, `date_published`, `date_event`, `topic`, `language`, `tone`, `load_date`, `country_id`) VALUES (18, 'Cupiditate nostrum eum voluptas ab officiis amet.', 'http://blick.info/', '1989-02-28', '2018-02-11', 'topic1', '10', NULL, '2019-11-19 05:24:19', 18);
INSERT INTO `article` (`id`, `title`, `url`, `date_published`, `date_event`, `topic`, `language`, `tone`, `load_date`, `country_id`) VALUES (19, 'Non rerum et molestias rerum ullam magni vitae sit.', 'http://www.torp.biz/', '1978-02-18', '1991-09-24', ' topic2', '860925770', NULL, '2019-11-16 18:21:10', 19);
INSERT INTO `article` (`id`, `title`, `url`, `date_published`, `date_event`, `topic`, `language`, `tone`, `load_date`, `country_id`) VALUES (20, 'Ab mollitia et est iusto consequatur ratione modi.', 'http://www.ebertboyle.info/', '2015-09-23', '1993-04-20', 'topic1', '27', NULL, '2019-11-15 17:57:21', 20);
INSERT INTO `article` (`id`, `title`, `url`, `date_published`, `date_event`, `topic`, `language`, `tone`, `load_date`, `country_id`) VALUES (21, 'Enim modi provident inventore sed nihil.', 'http://www.wilkinsonheller.org/', '2004-01-08', '1971-04-30', ' topic3', '8', NULL, '2019-11-17 17:07:01', 21);
INSERT INTO `article` (`id`, `title`, `url`, `date_published`, `date_event`, `topic`, `language`, `tone`, `load_date`, `country_id`) VALUES (22, 'Rem nemo aut dolorem a.', 'http://goyette.com/', '2007-06-05', '1992-05-31', 'topic1', '23127093', NULL, '2019-11-20 02:22:54', 22);
INSERT INTO `article` (`id`, `title`, `url`, `date_published`, `date_event`, `topic`, `language`, `tone`, `load_date`, `country_id`) VALUES (23, 'Soluta dolor quia ut sed.', 'http://mertz.com/', '1997-01-02', '2012-09-13', ' topic2', '9', NULL, '2019-11-19 19:29:23', 23);
INSERT INTO `article` (`id`, `title`, `url`, `date_published`, `date_event`, `topic`, `language`, `tone`, `load_date`, `country_id`) VALUES (24, 'Quas aliquid minima delectus sunt cupiditate voluptas quibusdam.', 'http://friesen.net/', '2009-08-12', '1994-02-19', ' topic3', '59', NULL, '2019-11-18 22:22:25', 24);
INSERT INTO `article` (`id`, `title`, `url`, `date_published`, `date_event`, `topic`, `language`, `tone`, `load_date`, `country_id`) VALUES (25, 'Ut voluptatum doloribus adipisci dolores dolores sunt.', 'http://www.brownbecker.com/', '1994-09-20', '1992-02-04', ' topic3', '5', NULL, '2019-11-16 15:28:45', 25);
INSERT INTO `article` (`id`, `title`, `url`, `date_published`, `date_event`, `topic`, `language`, `tone`, `load_date`, `country_id`) VALUES (26, 'Natus dolores quia iste aliquid.', 'http://gislason.com/', '2008-09-08', '2019-10-31', 'topic1', '12584', NULL, '2019-11-22 23:20:34', 26);
INSERT INTO `article` (`id`, `title`, `url`, `date_published`, `date_event`, `topic`, `language`, `tone`, `load_date`, `country_id`) VALUES (27, 'Molestiae voluptas quis sed necessitatibus ipsam.', 'http://www.kutch.com/', '1995-09-18', '1986-03-11', ' topic2', '7143', NULL, '2019-11-22 04:36:12', 27);
INSERT INTO `article` (`id`, `title`, `url`, `date_published`, `date_event`, `topic`, `language`, `tone`, `load_date`, `country_id`) VALUES (28, 'Consequatur ea porro aut nihil et.', 'http://www.leannonhammes.net/', '1994-10-01', '2008-08-17', ' topic2', '93', NULL, '2019-11-17 22:50:07', 28);
INSERT INTO `article` (`id`, `title`, `url`, `date_published`, `date_event`, `topic`, `language`, `tone`, `load_date`, `country_id`) VALUES (29, 'Tempore sequi quis accusamus consectetur perferendis.', 'http://www.reichel.info/', '1983-09-11', '1999-11-04', ' topic2', '4', NULL, '2019-11-21 06:50:05', 29);
INSERT INTO `article` (`id`, `title`, `url`, `date_published`, `date_event`, `topic`, `language`, `tone`, `load_date`, `country_id`) VALUES (30, 'Maiores ab quo aut dolor fugiat eaque.', 'http://www.blanda.info/', '2015-10-20', '1992-02-28', 'topic1', '934000', NULL, '2019-11-16 02:09:42', 30);
INSERT INTO `article` (`id`, `title`, `url`, `date_published`, `date_event`, `topic`, `language`, `tone`, `load_date`, `country_id`) VALUES (31, 'Sit aut veritatis voluptas mollitia quo fugit.', 'http://quigleycremin.info/', '1996-03-07', '1993-01-09', 'topic1', '638569', NULL, '2019-11-17 13:40:52', 31);
INSERT INTO `article` (`id`, `title`, `url`, `date_published`, `date_event`, `topic`, `language`, `tone`, `load_date`, `country_id`) VALUES (32, 'Quam voluptate fugiat quia nemo consectetur tempora molestiae.', 'http://funkrempel.com/', '2001-05-19', '2009-02-23', ' topic2', '', NULL, '2019-11-21 13:55:50', 32);
INSERT INTO `article` (`id`, `title`, `url`, `date_published`, `date_event`, `topic`, `language`, `tone`, `load_date`, `country_id`) VALUES (33, 'Illum earum veritatis vel natus libero quaerat.', 'http://www.wiza.com/', '2005-06-13', '1992-08-09', ' topic3', '18675148', NULL, '2019-11-19 07:17:33', 33);
INSERT INTO `article` (`id`, `title`, `url`, `date_published`, `date_event`, `topic`, `language`, `tone`, `load_date`, `country_id`) VALUES (34, 'Est eligendi in dolorem velit occaecati nemo.', 'http://kunde.com/', '1995-01-05', '1981-01-01', ' topic3', '6680', NULL, '2019-11-19 22:57:16', 34);
INSERT INTO `article` (`id`, `title`, `url`, `date_published`, `date_event`, `topic`, `language`, `tone`, `load_date`, `country_id`) VALUES (35, 'Ut at qui ut id quasi ut vel.', 'http://www.hodkiewicz.biz/', '2011-01-07', '1984-09-30', ' topic3', '12', NULL, '2019-11-20 19:31:08', 35);
INSERT INTO `article` (`id`, `title`, `url`, `date_published`, `date_event`, `topic`, `language`, `tone`, `load_date`, `country_id`) VALUES (36, 'Praesentium aut consequuntur voluptas numquam assumenda omnis quae.', 'http://brakusbrakus.org/', '2001-12-12', '1986-03-19', 'topic1', '933163', NULL, '2019-11-16 14:27:41', 36);
INSERT INTO `article` (`id`, `title`, `url`, `date_published`, `date_event`, `topic`, `language`, `tone`, `load_date`, `country_id`) VALUES (37, 'Incidunt ipsa magni totam et eaque ullam.', 'http://purdymcdermott.com/', '2010-07-31', '2013-08-13', ' topic3', '55', NULL, '2019-11-18 02:48:56', 37);
INSERT INTO `article` (`id`, `title`, `url`, `date_published`, `date_event`, `topic`, `language`, `tone`, `load_date`, `country_id`) VALUES (38, 'Sequi non perferendis totam ut.', 'http://www.mullerkunde.org/', '1993-12-27', '2018-08-12', 'topic1', '78630', NULL, '2019-11-19 14:02:22', 38);
INSERT INTO `article` (`id`, `title`, `url`, `date_published`, `date_event`, `topic`, `language`, `tone`, `load_date`, `country_id`) VALUES (39, 'Non sint et perspiciatis aut unde non eveniet.', 'http://connellyzemlak.com/', '1971-06-09', '1978-07-07', 'topic1', '6', NULL, '2019-11-22 04:59:20', 39);
INSERT INTO `article` (`id`, `title`, `url`, `date_published`, `date_event`, `topic`, `language`, `tone`, `load_date`, `country_id`) VALUES (40, 'Nihil tempora exercitationem qui magni amet.', 'http://okoneichmann.org/', '1992-12-06', '1971-01-11', 'topic1', '95983', NULL, '2019-11-22 00:20:42', 40);
INSERT INTO `article` (`id`, `title`, `url`, `date_published`, `date_event`, `topic`, `language`, `tone`, `load_date`, `country_id`) VALUES (41, 'Vero recusandae perspiciatis beatae occaecati.', 'http://www.reichel.com/', '1970-12-04', '2011-10-28', 'topic1', '', NULL, '2019-11-23 17:53:45', 41);
INSERT INTO `article` (`id`, `title`, `url`, `date_published`, `date_event`, `topic`, `language`, `tone`, `load_date`, `country_id`) VALUES (42, 'Non qui odit nisi assumenda perspiciatis reprehenderit.', 'http://windlerzulauf.com/', '1996-11-17', '2005-10-31', 'topic1', '4776893', NULL, '2019-11-18 07:41:02', 42);
INSERT INTO `article` (`id`, `title`, `url`, `date_published`, `date_event`, `topic`, `language`, `tone`, `load_date`, `country_id`) VALUES (43, 'Ducimus aut quasi eaque nulla consequatur quod tenetur.', 'http://littel.info/', '2019-06-21', '2008-06-26', ' topic2', '9', NULL, '2019-11-22 14:54:54', 43);
INSERT INTO `article` (`id`, `title`, `url`, `date_published`, `date_event`, `topic`, `language`, `tone`, `load_date`, `country_id`) VALUES (44, 'Molestiae vel commodi aut earum provident earum esse.', 'http://www.stehr.info/', '2014-08-26', '2008-07-13', ' topic3', '47', NULL, '2019-11-16 18:40:11', 44);
INSERT INTO `article` (`id`, `title`, `url`, `date_published`, `date_event`, `topic`, `language`, `tone`, `load_date`, `country_id`) VALUES (45, 'Quasi optio voluptatem atque corporis et deserunt.', 'http://schimmel.org/', '2011-10-11', '1987-02-15', 'topic1', '92', NULL, '2019-11-15 19:41:56', 45);
INSERT INTO `article` (`id`, `title`, `url`, `date_published`, `date_event`, `topic`, `language`, `tone`, `load_date`, `country_id`) VALUES (46, 'Commodi qui autem enim veritatis et consequatur laborum voluptate.', 'http://www.hilll.com/', '2009-12-12', '1973-05-09', ' topic2', '7', NULL, '2019-11-23 15:23:48', 46);
INSERT INTO `article` (`id`, `title`, `url`, `date_published`, `date_event`, `topic`, `language`, `tone`, `load_date`, `country_id`) VALUES (47, 'Magnam possimus maiores explicabo et repellat ut.', 'http://bernhard.com/', '2009-11-15', '1987-07-21', ' topic3', '46324', NULL, '2019-11-17 19:40:37', 47);
INSERT INTO `article` (`id`, `title`, `url`, `date_published`, `date_event`, `topic`, `language`, `tone`, `load_date`, `country_id`) VALUES (48, 'Odio est asperiores labore rerum ut occaecati quia.', 'http://www.ernser.biz/', '2007-02-11', '1970-10-15', ' topic2', '585127677', NULL, '2019-11-19 13:11:18', 48);
INSERT INTO `article` (`id`, `title`, `url`, `date_published`, `date_event`, `topic`, `language`, `tone`, `load_date`, `country_id`) VALUES (49, 'Et nemo in vel ducimus.', 'http://littelmclaughlin.com/', '1987-01-05', '1988-09-25', ' topic3', '891', NULL, '2019-11-22 08:12:41', 49);
INSERT INTO `article` (`id`, `title`, `url`, `date_published`, `date_event`, `topic`, `language`, `tone`, `load_date`, `country_id`) VALUES (50, 'Qui odio est officia consequatur.', 'http://www.lind.net/', '1971-03-05', '1982-05-21', ' topic3', '19397196', NULL, '2019-11-24 04:00:44', 50);
INSERT INTO `article` (`id`, `title`, `url`, `date_published`, `date_event`, `topic`, `language`, `tone`, `load_date`, `country_id`) VALUES (51, 'Error id omnis alias reiciendis laborum culpa.', 'http://www.mckenziebeer.com/', '2011-06-04', '2017-11-08', ' topic2', '7319161', NULL, '2019-11-16 09:18:43', 51);
INSERT INTO `article` (`id`, `title`, `url`, `date_published`, `date_event`, `topic`, `language`, `tone`, `load_date`, `country_id`) VALUES (52, 'Qui et rerum quae corrupti velit ducimus.', 'http://www.considine.com/', '2014-08-17', '1971-11-13', ' topic3', '5', NULL, '2019-11-21 23:02:32', 52);
INSERT INTO `article` (`id`, `title`, `url`, `date_published`, `date_event`, `topic`, `language`, `tone`, `load_date`, `country_id`) VALUES (53, 'At omnis voluptatem nihil maxime.', 'http://auerbahringer.com/', '1980-10-06', '1972-08-10', 'topic1', '33', NULL, '2019-11-22 14:44:55', 53);
INSERT INTO `article` (`id`, `title`, `url`, `date_published`, `date_event`, `topic`, `language`, `tone`, `load_date`, `country_id`) VALUES (54, 'Consectetur recusandae ipsa vel quisquam.', 'http://block.com/', '1996-07-14', '1990-03-30', 'topic1', '7', NULL, '2019-11-15 13:06:27', 54);
INSERT INTO `article` (`id`, `title`, `url`, `date_published`, `date_event`, `topic`, `language`, `tone`, `load_date`, `country_id`) VALUES (55, 'Quia doloremque unde ullam.', 'http://www.dietrichhamill.com/', '1999-11-08', '2017-12-06', ' topic3', '5779945', NULL, '2019-11-24 06:06:04', 55);
INSERT INTO `article` (`id`, `title`, `url`, `date_published`, `date_event`, `topic`, `language`, `tone`, `load_date`, `country_id`) VALUES (56, 'Natus laboriosam molestiae dolorem.', 'http://www.jacobson.com/', '1996-10-13', '1982-10-20', ' topic2', '34766825', NULL, '2019-11-24 06:01:00', 56);
INSERT INTO `article` (`id`, `title`, `url`, `date_published`, `date_event`, `topic`, `language`, `tone`, `load_date`, `country_id`) VALUES (57, 'Et unde aut molestias aut.', 'http://www.willnikolaus.com/', '1987-04-19', '2003-09-18', 'topic1', '74527606', NULL, '2019-11-23 16:11:06', 57);
INSERT INTO `article` (`id`, `title`, `url`, `date_published`, `date_event`, `topic`, `language`, `tone`, `load_date`, `country_id`) VALUES (58, 'Eos sunt sint accusantium voluptate suscipit veniam autem quia.', 'http://www.halvorson.com/', '1980-09-03', '1970-05-14', ' topic2', '', NULL, '2019-11-21 14:20:25', 58);
INSERT INTO `article` (`id`, `title`, `url`, `date_published`, `date_event`, `topic`, `language`, `tone`, `load_date`, `country_id`) VALUES (59, 'Consequuntur sint sed aspernatur illo sunt magni.', 'http://russelfranecki.org/', '2014-12-22', '2010-08-10', ' topic2', '310432', NULL, '2019-11-18 21:18:23', 59);
INSERT INTO `article` (`id`, `title`, `url`, `date_published`, `date_event`, `topic`, `language`, `tone`, `load_date`, `country_id`) VALUES (60, 'Eos eligendi dolorem et ipsam.', 'http://www.strosin.com/', '1972-08-23', '1973-06-18', ' topic2', '50622206', NULL, '2019-11-22 16:01:06', 60);
INSERT INTO `article` (`id`, `title`, `url`, `date_published`, `date_event`, `topic`, `language`, `tone`, `load_date`, `country_id`) VALUES (61, 'Enim a qui amet eaque autem ad.', 'http://murphy.com/', '1975-05-12', '2013-08-17', 'topic1', '6606819', NULL, '2019-11-15 21:54:48', 61);
INSERT INTO `article` (`id`, `title`, `url`, `date_published`, `date_event`, `topic`, `language`, `tone`, `load_date`, `country_id`) VALUES (62, 'Sunt corrupti eum harum consequatur facere quod consequatur.', 'http://collier.com/', '2007-01-28', '2006-09-16', 'topic1', '232896', NULL, '2019-11-18 14:41:39', 62);
INSERT INTO `article` (`id`, `title`, `url`, `date_published`, `date_event`, `topic`, `language`, `tone`, `load_date`, `country_id`) VALUES (63, 'Laudantium sit quia sit.', 'http://www.sawayn.com/', '2002-12-29', '2004-08-31', ' topic2', '', NULL, '2019-11-19 01:22:50', 63);
INSERT INTO `article` (`id`, `title`, `url`, `date_published`, `date_event`, `topic`, `language`, `tone`, `load_date`, `country_id`) VALUES (64, 'Consequatur totam voluptatibus et illo laborum eum.', 'http://www.haneschmeler.com/', '2010-09-02', '1999-08-26', ' topic3', '292861', NULL, '2019-11-23 04:25:40', 64);
INSERT INTO `article` (`id`, `title`, `url`, `date_published`, `date_event`, `topic`, `language`, `tone`, `load_date`, `country_id`) VALUES (65, 'Molestias qui sunt explicabo ut quam.', 'http://www.gislason.com/', '2018-09-29', '2017-11-13', 'topic1', '1', NULL, '2019-11-19 03:24:30', 65);
INSERT INTO `article` (`id`, `title`, `url`, `date_published`, `date_event`, `topic`, `language`, `tone`, `load_date`, `country_id`) VALUES (66, 'Hic alias praesentium atque error facere.', 'http://www.prosacco.com/', '2001-08-10', '2012-08-16', ' topic3', '', NULL, '2019-11-19 07:03:43', 66);
INSERT INTO `article` (`id`, `title`, `url`, `date_published`, `date_event`, `topic`, `language`, `tone`, `load_date`, `country_id`) VALUES (67, 'Est voluptas tenetur doloribus.', 'http://www.leffler.com/', '1978-03-06', '1978-12-25', ' topic3', '8368', NULL, '2019-11-19 02:27:04', 67);
INSERT INTO `article` (`id`, `title`, `url`, `date_published`, `date_event`, `topic`, `language`, `tone`, `load_date`, `country_id`) VALUES (68, 'Libero ex veritatis reprehenderit esse.', 'http://littel.net/', '1979-08-02', '1997-06-24', ' topic2', '99923', NULL, '2019-11-23 17:58:35', 68);
INSERT INTO `article` (`id`, `title`, `url`, `date_published`, `date_event`, `topic`, `language`, `tone`, `load_date`, `country_id`) VALUES (69, 'Est provident ducimus id impedit iusto quae qui.', 'http://bartellgerlach.biz/', '1983-07-08', '1997-09-29', ' topic3', '22', NULL, '2019-11-19 17:58:28', 69);
INSERT INTO `article` (`id`, `title`, `url`, `date_published`, `date_event`, `topic`, `language`, `tone`, `load_date`, `country_id`) VALUES (70, 'Cupiditate ad fuga sunt porro eveniet.', 'http://www.dibbert.net/', '1987-04-16', '1986-05-23', ' topic2', '1', NULL, '2019-11-23 13:08:01', 70);
INSERT INTO `article` (`id`, `title`, `url`, `date_published`, `date_event`, `topic`, `language`, `tone`, `load_date`, `country_id`) VALUES (71, 'Ut voluptatem voluptatem eum et.', 'http://kshlerinklocko.com/', '1982-03-02', '1970-05-26', 'topic1', '6', NULL, '2019-11-20 18:00:03', 71);
INSERT INTO `article` (`id`, `title`, `url`, `date_published`, `date_event`, `topic`, `language`, `tone`, `load_date`, `country_id`) VALUES (72, 'Error molestiae occaecati perferendis eligendi dolor sequi.', 'http://kshlerin.org/', '2006-10-31', '2006-10-19', ' topic2', '70037698', NULL, '2019-11-23 08:42:59', 72);
INSERT INTO `article` (`id`, `title`, `url`, `date_published`, `date_event`, `topic`, `language`, `tone`, `load_date`, `country_id`) VALUES (73, 'Omnis enim aut blanditiis consequuntur.', 'http://www.stiedemann.com/', '1970-09-23', '2003-11-26', ' topic2', '19718', NULL, '2019-11-18 10:46:03', 73);
INSERT INTO `article` (`id`, `title`, `url`, `date_published`, `date_event`, `topic`, `language`, `tone`, `load_date`, `country_id`) VALUES (74, 'Qui ipsum corrupti eius illum.', 'http://boyer.org/', '2000-04-23', '1973-06-22', 'topic1', '', NULL, '2019-11-22 16:19:35', 74);
INSERT INTO `article` (`id`, `title`, `url`, `date_published`, `date_event`, `topic`, `language`, `tone`, `load_date`, `country_id`) VALUES (75, 'Aliquid delectus deleniti ut non sit et dolores.', 'http://emard.info/', '2005-10-09', '1972-10-12', 'topic1', '9', NULL, '2019-11-15 12:43:55', 75);
INSERT INTO `article` (`id`, `title`, `url`, `date_published`, `date_event`, `topic`, `language`, `tone`, `load_date`, `country_id`) VALUES (76, 'Odit mollitia deserunt ducimus ducimus veritatis.', 'http://www.runolfsdottir.org/', '1981-06-03', '1979-02-22', 'topic1', '144524', NULL, '2019-11-22 05:44:08', 76);
INSERT INTO `article` (`id`, `title`, `url`, `date_published`, `date_event`, `topic`, `language`, `tone`, `load_date`, `country_id`) VALUES (77, 'Et libero ducimus magni reiciendis.', 'http://shanahan.com/', '1983-06-10', '1995-07-01', ' topic2', '53', NULL, '2019-11-23 00:07:27', 77);
INSERT INTO `article` (`id`, `title`, `url`, `date_published`, `date_event`, `topic`, `language`, `tone`, `load_date`, `country_id`) VALUES (78, 'Explicabo ea sit quo necessitatibus voluptatum.', 'http://www.jacobs.com/', '1982-11-01', '2004-03-15', ' topic3', '8', NULL, '2019-11-22 21:49:47', 78);
INSERT INTO `article` (`id`, `title`, `url`, `date_published`, `date_event`, `topic`, `language`, `tone`, `load_date`, `country_id`) VALUES (79, 'Cumque nisi odit eaque laborum harum vel quia.', 'http://www.ankunding.com/', '2012-10-26', '2005-01-08', 'topic1', '58', NULL, '2019-11-21 08:29:31', 79);
INSERT INTO `article` (`id`, `title`, `url`, `date_published`, `date_event`, `topic`, `language`, `tone`, `load_date`, `country_id`) VALUES (80, 'Quis eius iste quidem et.', 'http://www.kuhlman.com/', '2018-08-21', '1997-03-19', ' topic2', '5', NULL, '2019-11-16 07:50:19', 80);
INSERT INTO `article` (`id`, `title`, `url`, `date_published`, `date_event`, `topic`, `language`, `tone`, `load_date`, `country_id`) VALUES (81, 'Dolorem quam laboriosam consequatur fuga.', 'http://hoeger.org/', '2019-07-14', '1972-01-01', ' topic2', '410', NULL, '2019-11-24 20:56:43', 81);
INSERT INTO `article` (`id`, `title`, `url`, `date_published`, `date_event`, `topic`, `language`, `tone`, `load_date`, `country_id`) VALUES (82, 'Sed enim fuga sed reiciendis rerum alias.', 'http://www.klockokessler.com/', '1994-09-16', '1971-09-08', ' topic3', '887', NULL, '2019-11-22 08:48:10', 82);
INSERT INTO `article` (`id`, `title`, `url`, `date_published`, `date_event`, `topic`, `language`, `tone`, `load_date`, `country_id`) VALUES (83, 'Et distinctio illum sunt voluptatem non.', 'http://rogahncole.com/', '2005-02-21', '1975-05-03', 'topic1', '410', NULL, '2019-11-24 15:12:53', 83);
INSERT INTO `article` (`id`, `title`, `url`, `date_published`, `date_event`, `topic`, `language`, `tone`, `load_date`, `country_id`) VALUES (84, 'Et itaque sunt ea quibusdam libero error.', 'http://www.king.org/', '1998-07-27', '1985-03-12', ' topic2', '', NULL, '2019-11-16 10:47:39', 84);
INSERT INTO `article` (`id`, `title`, `url`, `date_published`, `date_event`, `topic`, `language`, `tone`, `load_date`, `country_id`) VALUES (85, 'Dolores cum dolorum ipsa autem.', 'http://hirthe.info/', '1982-09-24', '1973-03-07', 'topic1', '66073', NULL, '2019-11-24 03:38:01', 85);
INSERT INTO `article` (`id`, `title`, `url`, `date_published`, `date_event`, `topic`, `language`, `tone`, `load_date`, `country_id`) VALUES (86, 'Quo molestiae maiores eius.', 'http://king.com/', '1997-09-15', '1979-01-04', ' topic3', '9828965', NULL, '2019-11-17 15:22:31', 86);
INSERT INTO `article` (`id`, `title`, `url`, `date_published`, `date_event`, `topic`, `language`, `tone`, `load_date`, `country_id`) VALUES (87, 'Veritatis minima qui est aspernatur eos molestias expedita.', 'http://kiehn.net/', '2013-04-19', '1993-10-18', 'topic1', '', NULL, '2019-11-23 04:09:14', 87);
INSERT INTO `article` (`id`, `title`, `url`, `date_published`, `date_event`, `topic`, `language`, `tone`, `load_date`, `country_id`) VALUES (88, 'Maxime exercitationem voluptatibus inventore nesciunt dolorem.', 'http://steuber.com/', '2018-12-27', '1992-01-16', ' topic3', '7867', NULL, '2019-11-16 11:09:16', 88);
INSERT INTO `article` (`id`, `title`, `url`, `date_published`, `date_event`, `topic`, `language`, `tone`, `load_date`, `country_id`) VALUES (89, 'Molestias nihil dicta minus vel dolor eos.', 'http://hammes.com/', '2003-01-27', '1982-01-27', 'topic1', '172', NULL, '2019-11-15 19:05:04', 89);
INSERT INTO `article` (`id`, `title`, `url`, `date_published`, `date_event`, `topic`, `language`, `tone`, `load_date`, `country_id`) VALUES (90, 'Mollitia repellendus magni sed.', 'http://www.connelly.com/', '1994-02-09', '1975-08-27', ' topic2', '3211514', NULL, '2019-11-21 00:15:06', 90);
INSERT INTO `article` (`id`, `title`, `url`, `date_published`, `date_event`, `topic`, `language`, `tone`, `load_date`, `country_id`) VALUES (91, 'Delectus aut velit magni odit.', 'http://price.com/', '1986-05-17', '2002-11-19', 'topic1', '379862', NULL, '2019-11-17 19:28:12', 91);
INSERT INTO `article` (`id`, `title`, `url`, `date_published`, `date_event`, `topic`, `language`, `tone`, `load_date`, `country_id`) VALUES (92, 'Et asperiores tempore sapiente molestiae.', 'http://hilllprosacco.biz/', '2006-05-08', '2017-04-25', ' topic2', '247097013', NULL, '2019-11-23 09:57:11', 92);
INSERT INTO `article` (`id`, `title`, `url`, `date_published`, `date_event`, `topic`, `language`, `tone`, `load_date`, `country_id`) VALUES (93, 'Doloribus asperiores nihil facere voluptatem facere quidem quis.', 'http://www.ziemannvonrueden.net/', '1990-11-18', '2016-08-23', ' topic3', '231642068', NULL, '2019-11-20 09:38:26', 93);
INSERT INTO `article` (`id`, `title`, `url`, `date_published`, `date_event`, `topic`, `language`, `tone`, `load_date`, `country_id`) VALUES (94, 'Vel dignissimos asperiores amet maxime totam eos.', 'http://www.quitzon.info/', '1997-07-15', '1989-10-30', 'topic1', '83505595', NULL, '2019-11-23 12:52:42', 94);
INSERT INTO `article` (`id`, `title`, `url`, `date_published`, `date_event`, `topic`, `language`, `tone`, `load_date`, `country_id`) VALUES (95, 'Veniam quasi officiis sit consequatur suscipit exercitationem.', 'http://connelly.com/', '2000-01-07', '1971-06-07', ' topic2', '7366', NULL, '2019-11-19 04:39:42', 95);
INSERT INTO `article` (`id`, `title`, `url`, `date_published`, `date_event`, `topic`, `language`, `tone`, `load_date`, `country_id`) VALUES (96, 'Quas et perferendis voluptatem omnis voluptatem odit quasi.', 'http://bartoletti.com/', '1996-09-01', '2012-12-13', 'topic1', '54', NULL, '2019-11-21 06:02:22', 96);
INSERT INTO `article` (`id`, `title`, `url`, `date_published`, `date_event`, `topic`, `language`, `tone`, `load_date`, `country_id`) VALUES (97, 'Est est nisi eos eum.', 'http://weber.biz/', '1986-03-06', '2007-05-09', 'topic1', '921', NULL, '2019-11-17 02:52:16', 97);
INSERT INTO `article` (`id`, `title`, `url`, `date_published`, `date_event`, `topic`, `language`, `tone`, `load_date`, `country_id`) VALUES (98, 'Dolore quis omnis optio tenetur unde laboriosam.', 'http://prohaska.com/', '1989-11-27', '2005-10-12', ' topic2', '41', NULL, '2019-11-17 18:55:58', 98);
INSERT INTO `article` (`id`, `title`, `url`, `date_published`, `date_event`, `topic`, `language`, `tone`, `load_date`, `country_id`) VALUES (99, 'Voluptatem quis et sequi eaque.', 'http://www.hammesbins.biz/', '1971-04-16', '2012-12-04', 'topic1', '', NULL, '2019-11-17 22:29:14', 99);
INSERT INTO `article` (`id`, `title`, `url`, `date_published`, `date_event`, `topic`, `language`, `tone`, `load_date`, `country_id`) VALUES (100, 'Ad repudiandae voluptates quos deserunt.', 'http://casper.org/', '2017-01-15', '2002-07-11', 'topic1', '4198', NULL, '2019-11-17 19:23:55', 100);

-- article_keyword
INSERT INTO `article_keyword` (`id`, `keyword`, `load_date`, `article_id`) VALUES (1, 'odit', '2019-11-20 15:34:05', 1);
INSERT INTO `article_keyword` (`id`, `keyword`, `load_date`, `article_id`) VALUES (2, 'excepturi', '2019-11-22 08:47:57', 2);
INSERT INTO `article_keyword` (`id`, `keyword`, `load_date`, `article_id`) VALUES (3, 'iusto', '2019-11-18 17:55:02', 3);
INSERT INTO `article_keyword` (`id`, `keyword`, `load_date`, `article_id`) VALUES (4, 'voluptatem', '2019-11-18 23:39:37', 4);
INSERT INTO `article_keyword` (`id`, `keyword`, `load_date`, `article_id`) VALUES (5, 'aut', '2019-11-19 01:36:38', 5);
INSERT INTO `article_keyword` (`id`, `keyword`, `load_date`, `article_id`) VALUES (6, 'quis', '2019-11-22 01:14:07', 6);
INSERT INTO `article_keyword` (`id`, `keyword`, `load_date`, `article_id`) VALUES (7, 'itaque', '2019-11-19 20:53:38', 7);
INSERT INTO `article_keyword` (`id`, `keyword`, `load_date`, `article_id`) VALUES (8, 'culpa', '2019-11-18 15:02:43', 8);
INSERT INTO `article_keyword` (`id`, `keyword`, `load_date`, `article_id`) VALUES (9, 'unde', '2019-11-18 14:05:10', 9);
INSERT INTO `article_keyword` (`id`, `keyword`, `load_date`, `article_id`) VALUES (10, 'vel', '2019-11-15 08:26:22', 10);
INSERT INTO `article_keyword` (`id`, `keyword`, `load_date`, `article_id`) VALUES (11, 'alias', '2019-11-17 07:24:45', 11);
INSERT INTO `article_keyword` (`id`, `keyword`, `load_date`, `article_id`) VALUES (12, 'suscipit', '2019-11-17 09:17:44', 12);
INSERT INTO `article_keyword` (`id`, `keyword`, `load_date`, `article_id`) VALUES (13, 'tenetur', '2019-11-18 06:47:11', 13);
INSERT INTO `article_keyword` (`id`, `keyword`, `load_date`, `article_id`) VALUES (14, 'iure', '2019-11-20 13:56:01', 14);
INSERT INTO `article_keyword` (`id`, `keyword`, `load_date`, `article_id`) VALUES (15, 'in', '2019-11-22 18:02:56', 15);
INSERT INTO `article_keyword` (`id`, `keyword`, `load_date`, `article_id`) VALUES (16, 'aliquam', '2019-11-21 10:52:05', 16);
INSERT INTO `article_keyword` (`id`, `keyword`, `load_date`, `article_id`) VALUES (17, 'possimus', '2019-11-17 15:36:49', 17);
INSERT INTO `article_keyword` (`id`, `keyword`, `load_date`, `article_id`) VALUES (18, 'voluptatem', '2019-11-15 01:45:56', 18);
INSERT INTO `article_keyword` (`id`, `keyword`, `load_date`, `article_id`) VALUES (19, 'consectetur', '2019-11-15 07:53:13', 19);
INSERT INTO `article_keyword` (`id`, `keyword`, `load_date`, `article_id`) VALUES (20, 'voluptas', '2019-11-23 16:50:21', 20);
INSERT INTO `article_keyword` (`id`, `keyword`, `load_date`, `article_id`) VALUES (21, 'quod', '2019-11-22 13:26:55', 21);
INSERT INTO `article_keyword` (`id`, `keyword`, `load_date`, `article_id`) VALUES (22, 'qui', '2019-11-23 16:16:40', 22);
INSERT INTO `article_keyword` (`id`, `keyword`, `load_date`, `article_id`) VALUES (23, 'qui', '2019-11-17 14:02:52', 23);
INSERT INTO `article_keyword` (`id`, `keyword`, `load_date`, `article_id`) VALUES (24, 'alias', '2019-11-21 15:43:12', 24);
INSERT INTO `article_keyword` (`id`, `keyword`, `load_date`, `article_id`) VALUES (25, 'minus', '2019-11-21 13:43:48', 25);
INSERT INTO `article_keyword` (`id`, `keyword`, `load_date`, `article_id`) VALUES (26, 'aut', '2019-11-22 22:50:50', 26);
INSERT INTO `article_keyword` (`id`, `keyword`, `load_date`, `article_id`) VALUES (27, 'consequatur', '2019-11-21 01:38:58', 27);
INSERT INTO `article_keyword` (`id`, `keyword`, `load_date`, `article_id`) VALUES (28, 'voluptatum', '2019-11-24 13:34:27', 28);
INSERT INTO `article_keyword` (`id`, `keyword`, `load_date`, `article_id`) VALUES (29, 'deserunt', '2019-11-18 08:32:34', 29);
INSERT INTO `article_keyword` (`id`, `keyword`, `load_date`, `article_id`) VALUES (30, 'sit', '2019-11-16 04:04:01', 30);
INSERT INTO `article_keyword` (`id`, `keyword`, `load_date`, `article_id`) VALUES (31, 'molestiae', '2019-11-24 18:14:00', 31);
INSERT INTO `article_keyword` (`id`, `keyword`, `load_date`, `article_id`) VALUES (32, 'voluptas', '2019-11-15 03:47:03', 32);
INSERT INTO `article_keyword` (`id`, `keyword`, `load_date`, `article_id`) VALUES (33, 'maxime', '2019-11-22 11:28:03', 33);
INSERT INTO `article_keyword` (`id`, `keyword`, `load_date`, `article_id`) VALUES (34, 'quas', '2019-11-15 17:45:24', 34);
INSERT INTO `article_keyword` (`id`, `keyword`, `load_date`, `article_id`) VALUES (35, 'molestiae', '2019-11-15 13:29:08', 35);
INSERT INTO `article_keyword` (`id`, `keyword`, `load_date`, `article_id`) VALUES (36, 'delectus', '2019-11-19 13:20:32', 36);
INSERT INTO `article_keyword` (`id`, `keyword`, `load_date`, `article_id`) VALUES (37, 'possimus', '2019-11-17 07:33:59', 37);
INSERT INTO `article_keyword` (`id`, `keyword`, `load_date`, `article_id`) VALUES (38, 'saepe', '2019-11-15 23:50:20', 38);
INSERT INTO `article_keyword` (`id`, `keyword`, `load_date`, `article_id`) VALUES (39, 'voluptatem', '2019-11-15 08:04:51', 39);
INSERT INTO `article_keyword` (`id`, `keyword`, `load_date`, `article_id`) VALUES (40, 'optio', '2019-11-19 05:42:13', 40);
INSERT INTO `article_keyword` (`id`, `keyword`, `load_date`, `article_id`) VALUES (41, 'autem', '2019-11-24 00:28:11', 41);
INSERT INTO `article_keyword` (`id`, `keyword`, `load_date`, `article_id`) VALUES (42, 'eos', '2019-11-24 06:37:10', 42);
INSERT INTO `article_keyword` (`id`, `keyword`, `load_date`, `article_id`) VALUES (43, 'quam', '2019-11-22 00:01:37', 43);
INSERT INTO `article_keyword` (`id`, `keyword`, `load_date`, `article_id`) VALUES (44, 'ut', '2019-11-15 19:06:23', 44);
INSERT INTO `article_keyword` (`id`, `keyword`, `load_date`, `article_id`) VALUES (45, 'dolorem', '2019-11-22 01:32:37', 45);
INSERT INTO `article_keyword` (`id`, `keyword`, `load_date`, `article_id`) VALUES (46, 'sit', '2019-11-24 12:42:07', 46);
INSERT INTO `article_keyword` (`id`, `keyword`, `load_date`, `article_id`) VALUES (47, 'repudiandae', '2019-11-20 18:18:32', 47);
INSERT INTO `article_keyword` (`id`, `keyword`, `load_date`, `article_id`) VALUES (48, 'ut', '2019-11-17 13:28:59', 48);
INSERT INTO `article_keyword` (`id`, `keyword`, `load_date`, `article_id`) VALUES (49, 'voluptatem', '2019-11-20 12:11:46', 49);
INSERT INTO `article_keyword` (`id`, `keyword`, `load_date`, `article_id`) VALUES (50, 'minus', '2019-11-19 21:16:33', 50);
INSERT INTO `article_keyword` (`id`, `keyword`, `load_date`, `article_id`) VALUES (51, 'enim', '2019-11-22 15:54:21', 51);
INSERT INTO `article_keyword` (`id`, `keyword`, `load_date`, `article_id`) VALUES (52, 'sunt', '2019-11-15 12:22:08', 52);
INSERT INTO `article_keyword` (`id`, `keyword`, `load_date`, `article_id`) VALUES (53, 'minima', '2019-11-17 14:39:04', 53);
INSERT INTO `article_keyword` (`id`, `keyword`, `load_date`, `article_id`) VALUES (54, 'dolor', '2019-11-15 13:49:57', 54);
INSERT INTO `article_keyword` (`id`, `keyword`, `load_date`, `article_id`) VALUES (55, 'ad', '2019-11-17 23:58:36', 55);
INSERT INTO `article_keyword` (`id`, `keyword`, `load_date`, `article_id`) VALUES (56, 'minima', '2019-11-17 02:38:57', 56);
INSERT INTO `article_keyword` (`id`, `keyword`, `load_date`, `article_id`) VALUES (57, 'qui', '2019-11-20 05:39:47', 57);
INSERT INTO `article_keyword` (`id`, `keyword`, `load_date`, `article_id`) VALUES (58, 'velit', '2019-11-21 21:14:27', 58);
INSERT INTO `article_keyword` (`id`, `keyword`, `load_date`, `article_id`) VALUES (59, 'porro', '2019-11-15 22:10:23', 59);
INSERT INTO `article_keyword` (`id`, `keyword`, `load_date`, `article_id`) VALUES (60, 'dolor', '2019-11-17 00:35:51', 60);
INSERT INTO `article_keyword` (`id`, `keyword`, `load_date`, `article_id`) VALUES (61, 'voluptas', '2019-11-22 14:38:48', 61);
INSERT INTO `article_keyword` (`id`, `keyword`, `load_date`, `article_id`) VALUES (62, 'temporibus', '2019-11-20 21:47:21', 62);
INSERT INTO `article_keyword` (`id`, `keyword`, `load_date`, `article_id`) VALUES (63, 'ea', '2019-11-16 20:52:19', 63);
INSERT INTO `article_keyword` (`id`, `keyword`, `load_date`, `article_id`) VALUES (64, 'odio', '2019-11-20 15:20:00', 64);
INSERT INTO `article_keyword` (`id`, `keyword`, `load_date`, `article_id`) VALUES (65, 'incidunt', '2019-11-15 13:10:35', 65);
INSERT INTO `article_keyword` (`id`, `keyword`, `load_date`, `article_id`) VALUES (66, 'officiis', '2019-11-20 18:05:07', 66);
INSERT INTO `article_keyword` (`id`, `keyword`, `load_date`, `article_id`) VALUES (67, 'quibusdam', '2019-11-20 14:07:13', 67);
INSERT INTO `article_keyword` (`id`, `keyword`, `load_date`, `article_id`) VALUES (68, 'autem', '2019-11-15 13:46:23', 68);
INSERT INTO `article_keyword` (`id`, `keyword`, `load_date`, `article_id`) VALUES (69, 'perspiciatis', '2019-11-21 11:28:16', 69);
INSERT INTO `article_keyword` (`id`, `keyword`, `load_date`, `article_id`) VALUES (70, 'architecto', '2019-11-15 14:10:54', 70);
INSERT INTO `article_keyword` (`id`, `keyword`, `load_date`, `article_id`) VALUES (71, 'quis', '2019-11-23 08:43:42', 71);
INSERT INTO `article_keyword` (`id`, `keyword`, `load_date`, `article_id`) VALUES (72, 'rerum', '2019-11-16 12:48:12', 72);
INSERT INTO `article_keyword` (`id`, `keyword`, `load_date`, `article_id`) VALUES (73, 'et', '2019-11-19 18:53:12', 73);
INSERT INTO `article_keyword` (`id`, `keyword`, `load_date`, `article_id`) VALUES (74, 'nihil', '2019-11-21 08:30:12', 74);
INSERT INTO `article_keyword` (`id`, `keyword`, `load_date`, `article_id`) VALUES (75, 'ullam', '2019-11-21 15:07:00', 75);
INSERT INTO `article_keyword` (`id`, `keyword`, `load_date`, `article_id`) VALUES (76, 'fugiat', '2019-11-17 14:21:33', 76);
INSERT INTO `article_keyword` (`id`, `keyword`, `load_date`, `article_id`) VALUES (77, 'reiciendis', '2019-11-15 21:06:53', 77);
INSERT INTO `article_keyword` (`id`, `keyword`, `load_date`, `article_id`) VALUES (78, 'voluptate', '2019-11-21 05:10:38', 78);
INSERT INTO `article_keyword` (`id`, `keyword`, `load_date`, `article_id`) VALUES (79, 'recusandae', '2019-11-18 20:19:54', 79);
INSERT INTO `article_keyword` (`id`, `keyword`, `load_date`, `article_id`) VALUES (80, 'quasi', '2019-11-20 12:14:51', 80);
INSERT INTO `article_keyword` (`id`, `keyword`, `load_date`, `article_id`) VALUES (81, 'minima', '2019-11-16 14:47:21', 81);
INSERT INTO `article_keyword` (`id`, `keyword`, `load_date`, `article_id`) VALUES (82, 'magni', '2019-11-18 09:53:17', 82);
INSERT INTO `article_keyword` (`id`, `keyword`, `load_date`, `article_id`) VALUES (83, 'voluptates', '2019-11-24 17:10:38', 83);
INSERT INTO `article_keyword` (`id`, `keyword`, `load_date`, `article_id`) VALUES (84, 'dolorem', '2019-11-17 00:27:07', 84);
INSERT INTO `article_keyword` (`id`, `keyword`, `load_date`, `article_id`) VALUES (85, 'at', '2019-11-16 09:09:18', 85);
INSERT INTO `article_keyword` (`id`, `keyword`, `load_date`, `article_id`) VALUES (86, 'aperiam', '2019-11-16 21:34:33', 86);
INSERT INTO `article_keyword` (`id`, `keyword`, `load_date`, `article_id`) VALUES (87, 'accusantium', '2019-11-21 05:47:31', 87);
INSERT INTO `article_keyword` (`id`, `keyword`, `load_date`, `article_id`) VALUES (88, 'illo', '2019-11-16 12:39:59', 88);
INSERT INTO `article_keyword` (`id`, `keyword`, `load_date`, `article_id`) VALUES (89, 'sapiente', '2019-11-21 04:54:35', 89);
INSERT INTO `article_keyword` (`id`, `keyword`, `load_date`, `article_id`) VALUES (90, 'dolorem', '2019-11-15 18:08:49', 90);
INSERT INTO `article_keyword` (`id`, `keyword`, `load_date`, `article_id`) VALUES (91, 'natus', '2019-11-18 10:43:46', 91);
INSERT INTO `article_keyword` (`id`, `keyword`, `load_date`, `article_id`) VALUES (92, 'magni', '2019-11-23 04:48:53', 92);
INSERT INTO `article_keyword` (`id`, `keyword`, `load_date`, `article_id`) VALUES (93, 'corporis', '2019-11-20 16:00:37', 93);
INSERT INTO `article_keyword` (`id`, `keyword`, `load_date`, `article_id`) VALUES (94, 'aperiam', '2019-11-18 15:27:08', 94);
INSERT INTO `article_keyword` (`id`, `keyword`, `load_date`, `article_id`) VALUES (95, 'quasi', '2019-11-20 08:18:21', 95);
INSERT INTO `article_keyword` (`id`, `keyword`, `load_date`, `article_id`) VALUES (96, 'dolorum', '2019-11-17 23:46:51', 96);
INSERT INTO `article_keyword` (`id`, `keyword`, `load_date`, `article_id`) VALUES (97, 'quidem', '2019-11-23 22:55:46', 97);
INSERT INTO `article_keyword` (`id`, `keyword`, `load_date`, `article_id`) VALUES (98, 'corporis', '2019-11-17 14:58:30', 98);
INSERT INTO `article_keyword` (`id`, `keyword`, `load_date`, `article_id`) VALUES (99, 'ut', '2019-11-17 21:35:43', 99);
INSERT INTO `article_keyword` (`id`, `keyword`, `load_date`, `article_id`) VALUES (100, 'molestiae', '2019-11-18 22:19:08', 100);

-- color_metadata
INSERT INTO `color_metadata` (`id`, `r`, `g`, `b`) VALUES (80, '1', '43', '232');
INSERT INTO `color_metadata` (`id`, `r`, `g`, `b`) VALUES (76, '4', '205', '190');
INSERT INTO `color_metadata` (`id`, `r`, `g`, `b`) VALUES (15, '5', '35', '104');
INSERT INTO `color_metadata` (`id`, `r`, `g`, `b`) VALUES (88, '5', '146', '14');
INSERT INTO `color_metadata` (`id`, `r`, `g`, `b`) VALUES (95, '9', '177', '229');
INSERT INTO `color_metadata` (`id`, `r`, `g`, `b`) VALUES (29, '12', '153', '199');
INSERT INTO `color_metadata` (`id`, `r`, `g`, `b`) VALUES (97, '14', '177', '137');
INSERT INTO `color_metadata` (`id`, `r`, `g`, `b`) VALUES (94, '15', '116', '228');
INSERT INTO `color_metadata` (`id`, `r`, `g`, `b`) VALUES (49, '16', '126', '237');
INSERT INTO `color_metadata` (`id`, `r`, `g`, `b`) VALUES (36, '21', '185', '19');
INSERT INTO `color_metadata` (`id`, `r`, `g`, `b`) VALUES (42, '22', '244', '15');
INSERT INTO `color_metadata` (`id`, `r`, `g`, `b`) VALUES (32, '23', '212', '108');
INSERT INTO `color_metadata` (`id`, `r`, `g`, `b`) VALUES (21, '25', '27', '208');
INSERT INTO `color_metadata` (`id`, `r`, `g`, `b`) VALUES (41, '26', '25', '133');
INSERT INTO `color_metadata` (`id`, `r`, `g`, `b`) VALUES (22, '27', '131', '198');
INSERT INTO `color_metadata` (`id`, `r`, `g`, `b`) VALUES (38, '29', '55', '243');
INSERT INTO `color_metadata` (`id`, `r`, `g`, `b`) VALUES (23, '37', '197', '107');
INSERT INTO `color_metadata` (`id`, `r`, `g`, `b`) VALUES (17, '40', '7', '225');
INSERT INTO `color_metadata` (`id`, `r`, `g`, `b`) VALUES (73, '43', '56', '28');
INSERT INTO `color_metadata` (`id`, `r`, `g`, `b`) VALUES (63, '48', '75', '216');
INSERT INTO `color_metadata` (`id`, `r`, `g`, `b`) VALUES (19, '49', '9', '186');
INSERT INTO `color_metadata` (`id`, `r`, `g`, `b`) VALUES (64, '57', '66', '40');
INSERT INTO `color_metadata` (`id`, `r`, `g`, `b`) VALUES (5, '59', '55', '188');
INSERT INTO `color_metadata` (`id`, `r`, `g`, `b`) VALUES (46, '62', '75', '106');
INSERT INTO `color_metadata` (`id`, `r`, `g`, `b`) VALUES (8, '62', '98', '238');
INSERT INTO `color_metadata` (`id`, `r`, `g`, `b`) VALUES (92, '64', '227', '50');
INSERT INTO `color_metadata` (`id`, `r`, `g`, `b`) VALUES (84, '66', '149', '116');
INSERT INTO `color_metadata` (`id`, `r`, `g`, `b`) VALUES (37, '67', '219', '18');
INSERT INTO `color_metadata` (`id`, `r`, `g`, `b`) VALUES (35, '70', '115', '40');
INSERT INTO `color_metadata` (`id`, `r`, `g`, `b`) VALUES (71, '73', '229', '117');
INSERT INTO `color_metadata` (`id`, `r`, `g`, `b`) VALUES (3, '75', '3', '139');
INSERT INTO `color_metadata` (`id`, `r`, `g`, `b`) VALUES (34, '79', '115', '9');
INSERT INTO `color_metadata` (`id`, `r`, `g`, `b`) VALUES (40, '80', '115', '101');
INSERT INTO `color_metadata` (`id`, `r`, `g`, `b`) VALUES (44, '81', '199', '235');
INSERT INTO `color_metadata` (`id`, `r`, `g`, `b`) VALUES (52, '87', '65', '195');
INSERT INTO `color_metadata` (`id`, `r`, `g`, `b`) VALUES (1, '88', '34', '6');
INSERT INTO `color_metadata` (`id`, `r`, `g`, `b`) VALUES (58, '89', '249', '156');
INSERT INTO `color_metadata` (`id`, `r`, `g`, `b`) VALUES (51, '92', '173', '116');
INSERT INTO `color_metadata` (`id`, `r`, `g`, `b`) VALUES (74, '94', '120', '114');
INSERT INTO `color_metadata` (`id`, `r`, `g`, `b`) VALUES (77, '95', '224', '63');
INSERT INTO `color_metadata` (`id`, `r`, `g`, `b`) VALUES (26, '97', '72', '66');
INSERT INTO `color_metadata` (`id`, `r`, `g`, `b`) VALUES (24, '103', '77', '82');
INSERT INTO `color_metadata` (`id`, `r`, `g`, `b`) VALUES (43, '106', '71', '150');
INSERT INTO `color_metadata` (`id`, `r`, `g`, `b`) VALUES (28, '111', '241', '13');
INSERT INTO `color_metadata` (`id`, `r`, `g`, `b`) VALUES (98, '123', '5', '49');
INSERT INTO `color_metadata` (`id`, `r`, `g`, `b`) VALUES (6, '126', '160', '255');
INSERT INTO `color_metadata` (`id`, `r`, `g`, `b`) VALUES (50, '128', '63', '146');
INSERT INTO `color_metadata` (`id`, `r`, `g`, `b`) VALUES (57, '130', '236', '239');
INSERT INTO `color_metadata` (`id`, `r`, `g`, `b`) VALUES (83, '137', '34', '68');
INSERT INTO `color_metadata` (`id`, `r`, `g`, `b`) VALUES (86, '139', '45', '151');
INSERT INTO `color_metadata` (`id`, `r`, `g`, `b`) VALUES (48, '139', '103', '58');
INSERT INTO `color_metadata` (`id`, `r`, `g`, `b`) VALUES (78, '139', '160', '163');
INSERT INTO `color_metadata` (`id`, `r`, `g`, `b`) VALUES (65, '141', '108', '148');
INSERT INTO `color_metadata` (`id`, `r`, `g`, `b`) VALUES (70, '149', '162', '52');
INSERT INTO `color_metadata` (`id`, `r`, `g`, `b`) VALUES (12, '152', '249', '2');
INSERT INTO `color_metadata` (`id`, `r`, `g`, `b`) VALUES (79, '153', '206', '201');
INSERT INTO `color_metadata` (`id`, `r`, `g`, `b`) VALUES (4, '156', '173', '65');
INSERT INTO `color_metadata` (`id`, `r`, `g`, `b`) VALUES (93, '157', '218', '165');
INSERT INTO `color_metadata` (`id`, `r`, `g`, `b`) VALUES (45, '160', '118', '250');
INSERT INTO `color_metadata` (`id`, `r`, `g`, `b`) VALUES (2, '161', '94', '207');
INSERT INTO `color_metadata` (`id`, `r`, `g`, `b`) VALUES (96, '164', '47', '120');
INSERT INTO `color_metadata` (`id`, `r`, `g`, `b`) VALUES (81, '164', '146', '88');
INSERT INTO `color_metadata` (`id`, `r`, `g`, `b`) VALUES (18, '167', '36', '141');
INSERT INTO `color_metadata` (`id`, `r`, `g`, `b`) VALUES (61, '173', '254', '100');
INSERT INTO `color_metadata` (`id`, `r`, `g`, `b`) VALUES (87, '174', '235', '158');
INSERT INTO `color_metadata` (`id`, `r`, `g`, `b`) VALUES (20, '176', '157', '239');
INSERT INTO `color_metadata` (`id`, `r`, `g`, `b`) VALUES (31, '178', '195', '204');
INSERT INTO `color_metadata` (`id`, `r`, `g`, `b`) VALUES (67, '179', '253', '222');
INSERT INTO `color_metadata` (`id`, `r`, `g`, `b`) VALUES (75, '180', '40', '65');
INSERT INTO `color_metadata` (`id`, `r`, `g`, `b`) VALUES (69, '181', '12', '249');
INSERT INTO `color_metadata` (`id`, `r`, `g`, `b`) VALUES (91, '184', '156', '154');
INSERT INTO `color_metadata` (`id`, `r`, `g`, `b`) VALUES (30, '184', '242', '102');
INSERT INTO `color_metadata` (`id`, `r`, `g`, `b`) VALUES (99, '190', '149', '18');
INSERT INTO `color_metadata` (`id`, `r`, `g`, `b`) VALUES (85, '191', '116', '147');
INSERT INTO `color_metadata` (`id`, `r`, `g`, `b`) VALUES (68, '195', '155', '117');
INSERT INTO `color_metadata` (`id`, `r`, `g`, `b`) VALUES (59, '197', '188', '104');
INSERT INTO `color_metadata` (`id`, `r`, `g`, `b`) VALUES (60, '198', '51', '53');
INSERT INTO `color_metadata` (`id`, `r`, `g`, `b`) VALUES (39, '199', '119', '192');
INSERT INTO `color_metadata` (`id`, `r`, `g`, `b`) VALUES (53, '199', '171', '230');
INSERT INTO `color_metadata` (`id`, `r`, `g`, `b`) VALUES (72, '200', '189', '236');
INSERT INTO `color_metadata` (`id`, `r`, `g`, `b`) VALUES (16, '206', '55', '48');
INSERT INTO `color_metadata` (`id`, `r`, `g`, `b`) VALUES (56, '213', '19', '125');
INSERT INTO `color_metadata` (`id`, `r`, `g`, `b`) VALUES (47, '216', '5', '200');
INSERT INTO `color_metadata` (`id`, `r`, `g`, `b`) VALUES (66, '216', '27', '141');
INSERT INTO `color_metadata` (`id`, `r`, `g`, `b`) VALUES (90, '228', '31', '59');
INSERT INTO `color_metadata` (`id`, `r`, `g`, `b`) VALUES (25, '228', '162', '149');
INSERT INTO `color_metadata` (`id`, `r`, `g`, `b`) VALUES (13, '230', '201', '214');
INSERT INTO `color_metadata` (`id`, `r`, `g`, `b`) VALUES (89, '231', '74', '32');
INSERT INTO `color_metadata` (`id`, `r`, `g`, `b`) VALUES (100, '237', '88', '209');
INSERT INTO `color_metadata` (`id`, `r`, `g`, `b`) VALUES (54, '238', '117', '15');
INSERT INTO `color_metadata` (`id`, `r`, `g`, `b`) VALUES (82, '242', '131', '114');
INSERT INTO `color_metadata` (`id`, `r`, `g`, `b`) VALUES (7, '243', '187', '219');
INSERT INTO `color_metadata` (`id`, `r`, `g`, `b`) VALUES (27, '244', '129', '156');
INSERT INTO `color_metadata` (`id`, `r`, `g`, `b`) VALUES (9, '246', '106', '203');
INSERT INTO `color_metadata` (`id`, `r`, `g`, `b`) VALUES (55, '246', '216', '228');
INSERT INTO `color_metadata` (`id`, `r`, `g`, `b`) VALUES (11, '247', '184', '187');
INSERT INTO `color_metadata` (`id`, `r`, `g`, `b`) VALUES (33, '248', '104', '149');
INSERT INTO `color_metadata` (`id`, `r`, `g`, `b`) VALUES (10, '252', '67', '96');
INSERT INTO `color_metadata` (`id`, `r`, `g`, `b`) VALUES (62, '252', '231', '39');
INSERT INTO `color_metadata` (`id`, `r`, `g`, `b`) VALUES (14, '255', '193', '227');

-- image
INSERT INTO `image` (`id`, `url`, `load_date`, `article_id`) VALUES (1, 'http://kshlerin.com/', '2019-11-22 19:18:50', 1);
INSERT INTO `image` (`id`, `url`, `load_date`, `article_id`) VALUES (2, 'http://www.leuschke.com/', '2019-11-22 10:41:29', 2);
INSERT INTO `image` (`id`, `url`, `load_date`, `article_id`) VALUES (3, 'http://orn.com/', '2019-11-21 09:15:31', 3);
INSERT INTO `image` (`id`, `url`, `load_date`, `article_id`) VALUES (4, 'http://dietrichmarvin.com/', '2019-11-23 12:55:06', 4);
INSERT INTO `image` (`id`, `url`, `load_date`, `article_id`) VALUES (5, 'http://www.reillyhodkiewicz.com/', '2019-11-19 07:00:34', 5);
INSERT INTO `image` (`id`, `url`, `load_date`, `article_id`) VALUES (6, 'http://www.stark.com/', '2019-11-20 23:31:49', 6);
INSERT INTO `image` (`id`, `url`, `load_date`, `article_id`) VALUES (7, 'http://www.metz.com/', '2019-11-19 07:46:34', 7);
INSERT INTO `image` (`id`, `url`, `load_date`, `article_id`) VALUES (8, 'http://pacocha.com/', '2019-11-22 16:00:19', 8);
INSERT INTO `image` (`id`, `url`, `load_date`, `article_id`) VALUES (9, 'http://ankunding.biz/', '2019-11-19 12:40:16', 9);
INSERT INTO `image` (`id`, `url`, `load_date`, `article_id`) VALUES (10, 'http://nitzsche.com/', '2019-11-23 08:58:14', 10);
INSERT INTO `image` (`id`, `url`, `load_date`, `article_id`) VALUES (11, 'http://stanton.info/', '2019-11-15 20:01:49', 11);
INSERT INTO `image` (`id`, `url`, `load_date`, `article_id`) VALUES (12, 'http://www.schinner.com/', '2019-11-17 15:56:01', 12);
INSERT INTO `image` (`id`, `url`, `load_date`, `article_id`) VALUES (13, 'http://tromp.com/', '2019-11-19 02:26:52', 13);
INSERT INTO `image` (`id`, `url`, `load_date`, `article_id`) VALUES (14, 'http://www.johnston.biz/', '2019-11-24 20:02:57', 14);
INSERT INTO `image` (`id`, `url`, `load_date`, `article_id`) VALUES (15, 'http://denesik.com/', '2019-11-23 23:54:06', 15);
INSERT INTO `image` (`id`, `url`, `load_date`, `article_id`) VALUES (16, 'http://www.kovacekwaters.com/', '2019-11-21 18:34:01', 16);
INSERT INTO `image` (`id`, `url`, `load_date`, `article_id`) VALUES (17, 'http://www.tromphegmann.com/', '2019-11-16 02:08:44', 17);
INSERT INTO `image` (`id`, `url`, `load_date`, `article_id`) VALUES (18, 'http://heidenreich.org/', '2019-11-21 16:06:32', 18);
INSERT INTO `image` (`id`, `url`, `load_date`, `article_id`) VALUES (19, 'http://rodriguez.net/', '2019-11-18 07:49:03', 19);
INSERT INTO `image` (`id`, `url`, `load_date`, `article_id`) VALUES (20, 'http://davis.biz/', '2019-11-21 13:34:59', 20);
INSERT INTO `image` (`id`, `url`, `load_date`, `article_id`) VALUES (21, 'http://wilkinsonabbott.info/', '2019-11-16 04:30:39', 21);
INSERT INTO `image` (`id`, `url`, `load_date`, `article_id`) VALUES (22, 'http://www.friesenheidenreich.com/', '2019-11-22 06:33:21', 22);
INSERT INTO `image` (`id`, `url`, `load_date`, `article_id`) VALUES (23, 'http://wolf.com/', '2019-11-17 13:50:22', 23);
INSERT INTO `image` (`id`, `url`, `load_date`, `article_id`) VALUES (24, 'http://kiehn.com/', '2019-11-20 00:45:35', 24);
INSERT INTO `image` (`id`, `url`, `load_date`, `article_id`) VALUES (25, 'http://boscovandervort.com/', '2019-11-21 00:59:22', 25);
INSERT INTO `image` (`id`, `url`, `load_date`, `article_id`) VALUES (26, 'http://www.lubowitz.net/', '2019-11-16 04:21:52', 26);
INSERT INTO `image` (`id`, `url`, `load_date`, `article_id`) VALUES (27, 'http://schumm.net/', '2019-11-20 09:16:27', 27);
INSERT INTO `image` (`id`, `url`, `load_date`, `article_id`) VALUES (28, 'http://www.braun.org/', '2019-11-21 05:06:41', 28);
INSERT INTO `image` (`id`, `url`, `load_date`, `article_id`) VALUES (29, 'http://goodwin.com/', '2019-11-22 04:21:50', 29);
INSERT INTO `image` (`id`, `url`, `load_date`, `article_id`) VALUES (30, 'http://maggioking.com/', '2019-11-23 03:56:06', 30);
INSERT INTO `image` (`id`, `url`, `load_date`, `article_id`) VALUES (31, 'http://daniel.com/', '2019-11-21 20:01:51', 31);
INSERT INTO `image` (`id`, `url`, `load_date`, `article_id`) VALUES (32, 'http://leuschkelebsack.com/', '2019-11-20 07:47:35', 32);
INSERT INTO `image` (`id`, `url`, `load_date`, `article_id`) VALUES (33, 'http://schummhermann.info/', '2019-11-24 11:08:13', 33);
INSERT INTO `image` (`id`, `url`, `load_date`, `article_id`) VALUES (34, 'http://www.wilderman.org/', '2019-11-15 04:00:59', 34);
INSERT INTO `image` (`id`, `url`, `load_date`, `article_id`) VALUES (35, 'http://funkstracke.info/', '2019-11-21 05:01:05', 35);
INSERT INTO `image` (`id`, `url`, `load_date`, `article_id`) VALUES (36, 'http://www.feil.com/', '2019-11-19 10:57:32', 36);
INSERT INTO `image` (`id`, `url`, `load_date`, `article_id`) VALUES (37, 'http://www.kuhlman.org/', '2019-11-16 10:03:30', 37);
INSERT INTO `image` (`id`, `url`, `load_date`, `article_id`) VALUES (38, 'http://www.reynolds.com/', '2019-11-17 12:58:57', 38);
INSERT INTO `image` (`id`, `url`, `load_date`, `article_id`) VALUES (39, 'http://www.purdy.com/', '2019-11-15 15:06:01', 39);
INSERT INTO `image` (`id`, `url`, `load_date`, `article_id`) VALUES (40, 'http://bradtke.com/', '2019-11-21 22:50:07', 40);
INSERT INTO `image` (`id`, `url`, `load_date`, `article_id`) VALUES (41, 'http://kuhn.com/', '2019-11-17 17:09:31', 41);
INSERT INTO `image` (`id`, `url`, `load_date`, `article_id`) VALUES (42, 'http://www.strosin.com/', '2019-11-23 15:33:31', 42);
INSERT INTO `image` (`id`, `url`, `load_date`, `article_id`) VALUES (43, 'http://www.starkhilll.net/', '2019-11-21 10:33:52', 43);
INSERT INTO `image` (`id`, `url`, `load_date`, `article_id`) VALUES (44, 'http://gulgowski.com/', '2019-11-24 03:16:00', 44);
INSERT INTO `image` (`id`, `url`, `load_date`, `article_id`) VALUES (45, 'http://www.jacobson.org/', '2019-11-23 10:57:55', 45);
INSERT INTO `image` (`id`, `url`, `load_date`, `article_id`) VALUES (46, 'http://ruecker.com/', '2019-11-16 02:47:18', 46);
INSERT INTO `image` (`id`, `url`, `load_date`, `article_id`) VALUES (47, 'http://boyer.biz/', '2019-11-23 13:40:00', 47);
INSERT INTO `image` (`id`, `url`, `load_date`, `article_id`) VALUES (48, 'http://www.paucekkeebler.net/', '2019-11-21 20:23:27', 48);
INSERT INTO `image` (`id`, `url`, `load_date`, `article_id`) VALUES (49, 'http://hamill.info/', '2019-11-18 16:22:18', 49);
INSERT INTO `image` (`id`, `url`, `load_date`, `article_id`) VALUES (50, 'http://www.wymanmraz.net/', '2019-11-16 22:02:07', 50);
INSERT INTO `image` (`id`, `url`, `load_date`, `article_id`) VALUES (51, 'http://www.schmidtgottlieb.com/', '2019-11-19 19:04:22', 51);
INSERT INTO `image` (`id`, `url`, `load_date`, `article_id`) VALUES (52, 'http://schimmel.com/', '2019-11-21 00:38:56', 52);
INSERT INTO `image` (`id`, `url`, `load_date`, `article_id`) VALUES (53, 'http://www.bauch.com/', '2019-11-19 06:48:36', 53);
INSERT INTO `image` (`id`, `url`, `load_date`, `article_id`) VALUES (54, 'http://www.witting.com/', '2019-11-22 08:22:11', 54);
INSERT INTO `image` (`id`, `url`, `load_date`, `article_id`) VALUES (55, 'http://www.rippinhintz.com/', '2019-11-18 09:49:42', 55);
INSERT INTO `image` (`id`, `url`, `load_date`, `article_id`) VALUES (56, 'http://www.grimes.net/', '2019-11-23 23:40:03', 56);
INSERT INTO `image` (`id`, `url`, `load_date`, `article_id`) VALUES (57, 'http://bahringer.com/', '2019-11-15 12:52:13', 57);
INSERT INTO `image` (`id`, `url`, `load_date`, `article_id`) VALUES (58, 'http://www.thompsonlueilwitz.info/', '2019-11-20 00:55:26', 58);
INSERT INTO `image` (`id`, `url`, `load_date`, `article_id`) VALUES (59, 'http://pacochahilpert.org/', '2019-11-19 03:42:11', 59);
INSERT INTO `image` (`id`, `url`, `load_date`, `article_id`) VALUES (60, 'http://www.mertz.com/', '2019-11-18 23:18:54', 60);
INSERT INTO `image` (`id`, `url`, `load_date`, `article_id`) VALUES (61, 'http://wuckert.com/', '2019-11-15 16:29:58', 61);
INSERT INTO `image` (`id`, `url`, `load_date`, `article_id`) VALUES (62, 'http://johns.biz/', '2019-11-24 06:37:24', 62);
INSERT INTO `image` (`id`, `url`, `load_date`, `article_id`) VALUES (63, 'http://hellertorphy.biz/', '2019-11-18 19:32:53', 63);
INSERT INTO `image` (`id`, `url`, `load_date`, `article_id`) VALUES (64, 'http://fisherlowe.com/', '2019-11-19 13:03:12', 64);
INSERT INTO `image` (`id`, `url`, `load_date`, `article_id`) VALUES (65, 'http://www.ferryzulauf.com/', '2019-11-21 02:08:20', 65);
INSERT INTO `image` (`id`, `url`, `load_date`, `article_id`) VALUES (66, 'http://cummings.com/', '2019-11-18 14:43:36', 66);
INSERT INTO `image` (`id`, `url`, `load_date`, `article_id`) VALUES (67, 'http://www.hirthe.net/', '2019-11-16 00:14:08', 67);
INSERT INTO `image` (`id`, `url`, `load_date`, `article_id`) VALUES (68, 'http://www.jast.com/', '2019-11-18 03:54:35', 68);
INSERT INTO `image` (`id`, `url`, `load_date`, `article_id`) VALUES (69, 'http://www.gerlachlang.biz/', '2019-11-17 23:42:38', 69);
INSERT INTO `image` (`id`, `url`, `load_date`, `article_id`) VALUES (70, 'http://www.kautzer.net/', '2019-11-22 09:14:23', 70);
INSERT INTO `image` (`id`, `url`, `load_date`, `article_id`) VALUES (71, 'http://www.schmelerlangworth.org/', '2019-11-17 14:47:32', 71);
INSERT INTO `image` (`id`, `url`, `load_date`, `article_id`) VALUES (72, 'http://www.lefflermoen.com/', '2019-11-21 20:27:23', 72);
INSERT INTO `image` (`id`, `url`, `load_date`, `article_id`) VALUES (73, 'http://www.harvey.info/', '2019-11-18 07:28:29', 73);
INSERT INTO `image` (`id`, `url`, `load_date`, `article_id`) VALUES (74, 'http://www.mckenzie.com/', '2019-11-19 04:47:11', 74);
INSERT INTO `image` (`id`, `url`, `load_date`, `article_id`) VALUES (75, 'http://shields.com/', '2019-11-20 04:31:30', 75);
INSERT INTO `image` (`id`, `url`, `load_date`, `article_id`) VALUES (76, 'http://doyle.com/', '2019-11-19 22:37:48', 76);
INSERT INTO `image` (`id`, `url`, `load_date`, `article_id`) VALUES (77, 'http://www.kuphal.com/', '2019-11-20 20:35:09', 77);
INSERT INTO `image` (`id`, `url`, `load_date`, `article_id`) VALUES (78, 'http://schneiderkoepp.com/', '2019-11-23 16:47:33', 78);
INSERT INTO `image` (`id`, `url`, `load_date`, `article_id`) VALUES (79, 'http://www.maggio.com/', '2019-11-15 03:06:28', 79);
INSERT INTO `image` (`id`, `url`, `load_date`, `article_id`) VALUES (80, 'http://www.kunde.org/', '2019-11-18 15:53:23', 80);
INSERT INTO `image` (`id`, `url`, `load_date`, `article_id`) VALUES (81, 'http://www.harristerry.info/', '2019-11-21 00:10:55', 81);
INSERT INTO `image` (`id`, `url`, `load_date`, `article_id`) VALUES (82, 'http://www.bins.com/', '2019-11-21 01:20:28', 82);
INSERT INTO `image` (`id`, `url`, `load_date`, `article_id`) VALUES (83, 'http://www.larsonmayert.com/', '2019-11-21 21:33:48', 83);
INSERT INTO `image` (`id`, `url`, `load_date`, `article_id`) VALUES (84, 'http://www.zboncak.com/', '2019-11-22 01:33:46', 84);
INSERT INTO `image` (`id`, `url`, `load_date`, `article_id`) VALUES (85, 'http://prohaska.com/', '2019-11-24 11:05:08', 85);
INSERT INTO `image` (`id`, `url`, `load_date`, `article_id`) VALUES (86, 'http://www.klingoreilly.com/', '2019-11-18 12:27:24', 86);
INSERT INTO `image` (`id`, `url`, `load_date`, `article_id`) VALUES (87, 'http://monahangerhold.com/', '2019-11-22 10:33:08', 87);
INSERT INTO `image` (`id`, `url`, `load_date`, `article_id`) VALUES (88, 'http://www.huelsgreen.com/', '2019-11-17 07:49:14', 88);
INSERT INTO `image` (`id`, `url`, `load_date`, `article_id`) VALUES (89, 'http://www.schaefertreutel.org/', '2019-11-17 21:40:29', 89);
INSERT INTO `image` (`id`, `url`, `load_date`, `article_id`) VALUES (90, 'http://www.stokes.com/', '2019-11-24 02:07:09', 90);
INSERT INTO `image` (`id`, `url`, `load_date`, `article_id`) VALUES (91, 'http://www.beahanfeeney.net/', '2019-11-23 05:53:41', 91);
INSERT INTO `image` (`id`, `url`, `load_date`, `article_id`) VALUES (92, 'http://www.jaskolski.com/', '2019-11-22 13:19:00', 92);
INSERT INTO `image` (`id`, `url`, `load_date`, `article_id`) VALUES (93, 'http://www.mcclure.org/', '2019-11-24 13:26:46', 93);
INSERT INTO `image` (`id`, `url`, `load_date`, `article_id`) VALUES (94, 'http://www.wizakerluke.com/', '2019-11-19 23:19:23', 94);
INSERT INTO `image` (`id`, `url`, `load_date`, `article_id`) VALUES (95, 'http://feestjakubowski.com/', '2019-11-21 15:06:38', 95);
INSERT INTO `image` (`id`, `url`, `load_date`, `article_id`) VALUES (96, 'http://www.spencersanford.com/', '2019-11-15 03:07:50', 96);
INSERT INTO `image` (`id`, `url`, `load_date`, `article_id`) VALUES (97, 'http://www.lebsack.com/', '2019-11-24 12:26:44', 97);
INSERT INTO `image` (`id`, `url`, `load_date`, `article_id`) VALUES (98, 'http://dubuquebrekke.com/', '2019-11-19 10:29:47', 98);
INSERT INTO `image` (`id`, `url`, `load_date`, `article_id`) VALUES (99, 'http://erdman.com/', '2019-11-19 01:06:11', 99);
INSERT INTO `image` (`id`, `url`, `load_date`, `article_id`) VALUES (100, 'http://www.mantefadel.net/', '2019-11-21 09:45:35', 100);

-- image_metadata
INSERT INTO `image_metadata` (`count`, `load_date`, `image_id`, `color_metadata_id`) VALUES ('485', '2019-11-23 14:28:17', 1, 1);
INSERT INTO `image_metadata` (`count`, `load_date`, `image_id`, `color_metadata_id`) VALUES ('7552518', '2019-11-16 21:34:02', 2, 2);
INSERT INTO `image_metadata` (`count`, `load_date`, `image_id`, `color_metadata_id`) VALUES ('0', '2019-11-15 03:42:57', 3, 3);
INSERT INTO `image_metadata` (`count`, `load_date`, `image_id`, `color_metadata_id`) VALUES ('0', '2019-11-22 07:40:33', 4, 4);
INSERT INTO `image_metadata` (`count`, `load_date`, `image_id`, `color_metadata_id`) VALUES ('918275790', '2019-11-20 22:18:07', 5, 5);
INSERT INTO `image_metadata` (`count`, `load_date`, `image_id`, `color_metadata_id`) VALUES ('999141', '2019-11-20 04:03:26', 6, 6);
INSERT INTO `image_metadata` (`count`, `load_date`, `image_id`, `color_metadata_id`) VALUES ('128', '2019-11-19 03:12:36', 7, 7);
INSERT INTO `image_metadata` (`count`, `load_date`, `image_id`, `color_metadata_id`) VALUES ('21587854', '2019-11-19 08:00:50', 8, 8);
INSERT INTO `image_metadata` (`count`, `load_date`, `image_id`, `color_metadata_id`) VALUES ('209144', '2019-11-19 08:21:54', 9, 9);
INSERT INTO `image_metadata` (`count`, `load_date`, `image_id`, `color_metadata_id`) VALUES ('0', '2019-11-24 06:59:11', 10, 10);
INSERT INTO `image_metadata` (`count`, `load_date`, `image_id`, `color_metadata_id`) VALUES ('59421164', '2019-11-20 03:06:42', 11, 11);
INSERT INTO `image_metadata` (`count`, `load_date`, `image_id`, `color_metadata_id`) VALUES ('99108', '2019-11-16 11:33:09', 12, 12);
INSERT INTO `image_metadata` (`count`, `load_date`, `image_id`, `color_metadata_id`) VALUES ('0', '2019-11-16 01:19:48', 13, 13);
INSERT INTO `image_metadata` (`count`, `load_date`, `image_id`, `color_metadata_id`) VALUES ('2479', '2019-11-21 14:38:24', 14, 14);
INSERT INTO `image_metadata` (`count`, `load_date`, `image_id`, `color_metadata_id`) VALUES ('449884', '2019-11-21 17:42:23', 15, 15);
INSERT INTO `image_metadata` (`count`, `load_date`, `image_id`, `color_metadata_id`) VALUES ('19570817', '2019-11-24 01:57:18', 16, 16);
INSERT INTO `image_metadata` (`count`, `load_date`, `image_id`, `color_metadata_id`) VALUES ('0', '2019-11-16 06:13:10', 17, 17);
INSERT INTO `image_metadata` (`count`, `load_date`, `image_id`, `color_metadata_id`) VALUES ('6819410', '2019-11-18 13:46:58', 18, 18);
INSERT INTO `image_metadata` (`count`, `load_date`, `image_id`, `color_metadata_id`) VALUES ('0', '2019-11-22 15:47:26', 19, 19);
INSERT INTO `image_metadata` (`count`, `load_date`, `image_id`, `color_metadata_id`) VALUES ('73591454', '2019-11-19 21:10:04', 20, 20);
INSERT INTO `image_metadata` (`count`, `load_date`, `image_id`, `color_metadata_id`) VALUES ('452695101', '2019-11-17 02:35:03', 21, 21);
INSERT INTO `image_metadata` (`count`, `load_date`, `image_id`, `color_metadata_id`) VALUES ('319554020', '2019-11-17 01:34:38', 22, 22);
INSERT INTO `image_metadata` (`count`, `load_date`, `image_id`, `color_metadata_id`) VALUES ('14349', '2019-11-19 05:38:11', 23, 23);
INSERT INTO `image_metadata` (`count`, `load_date`, `image_id`, `color_metadata_id`) VALUES ('6563', '2019-11-17 15:09:38', 24, 24);
INSERT INTO `image_metadata` (`count`, `load_date`, `image_id`, `color_metadata_id`) VALUES ('5880064', '2019-11-17 23:53:59', 25, 25);
INSERT INTO `image_metadata` (`count`, `load_date`, `image_id`, `color_metadata_id`) VALUES ('611', '2019-11-19 17:23:38', 26, 26);
INSERT INTO `image_metadata` (`count`, `load_date`, `image_id`, `color_metadata_id`) VALUES ('241740754', '2019-11-18 04:50:45', 27, 27);
INSERT INTO `image_metadata` (`count`, `load_date`, `image_id`, `color_metadata_id`) VALUES ('0', '2019-11-24 13:35:22', 28, 28);
INSERT INTO `image_metadata` (`count`, `load_date`, `image_id`, `color_metadata_id`) VALUES ('301671312', '2019-11-19 02:11:13', 29, 29);
INSERT INTO `image_metadata` (`count`, `load_date`, `image_id`, `color_metadata_id`) VALUES ('0', '2019-11-24 11:17:02', 30, 30);
INSERT INTO `image_metadata` (`count`, `load_date`, `image_id`, `color_metadata_id`) VALUES ('19', '2019-11-18 11:44:50', 31, 31);
INSERT INTO `image_metadata` (`count`, `load_date`, `image_id`, `color_metadata_id`) VALUES ('1008491', '2019-11-18 14:54:34', 32, 32);
INSERT INTO `image_metadata` (`count`, `load_date`, `image_id`, `color_metadata_id`) VALUES ('38013', '2019-11-24 09:37:46', 33, 33);
INSERT INTO `image_metadata` (`count`, `load_date`, `image_id`, `color_metadata_id`) VALUES ('89', '2019-11-15 17:01:12', 34, 34);
INSERT INTO `image_metadata` (`count`, `load_date`, `image_id`, `color_metadata_id`) VALUES ('9255', '2019-11-18 17:43:09', 35, 35);
INSERT INTO `image_metadata` (`count`, `load_date`, `image_id`, `color_metadata_id`) VALUES ('110', '2019-11-17 19:33:22', 36, 36);
INSERT INTO `image_metadata` (`count`, `load_date`, `image_id`, `color_metadata_id`) VALUES ('897927', '2019-11-24 09:10:16', 37, 37);
INSERT INTO `image_metadata` (`count`, `load_date`, `image_id`, `color_metadata_id`) VALUES ('2', '2019-11-24 08:44:10', 38, 38);
INSERT INTO `image_metadata` (`count`, `load_date`, `image_id`, `color_metadata_id`) VALUES ('476342', '2019-11-24 04:07:20', 39, 39);
INSERT INTO `image_metadata` (`count`, `load_date`, `image_id`, `color_metadata_id`) VALUES ('9157906', '2019-11-23 15:22:24', 40, 40);
INSERT INTO `image_metadata` (`count`, `load_date`, `image_id`, `color_metadata_id`) VALUES ('325116', '2019-11-16 10:54:36', 41, 41);
INSERT INTO `image_metadata` (`count`, `load_date`, `image_id`, `color_metadata_id`) VALUES ('3', '2019-11-19 17:12:04', 42, 42);
INSERT INTO `image_metadata` (`count`, `load_date`, `image_id`, `color_metadata_id`) VALUES ('3965', '2019-11-16 14:34:44', 43, 43);
INSERT INTO `image_metadata` (`count`, `load_date`, `image_id`, `color_metadata_id`) VALUES ('9575', '2019-11-18 11:40:57', 44, 44);
INSERT INTO `image_metadata` (`count`, `load_date`, `image_id`, `color_metadata_id`) VALUES ('5953', '2019-11-23 15:09:03', 45, 45);
INSERT INTO `image_metadata` (`count`, `load_date`, `image_id`, `color_metadata_id`) VALUES ('894161846', '2019-11-17 09:51:29', 46, 46);
INSERT INTO `image_metadata` (`count`, `load_date`, `image_id`, `color_metadata_id`) VALUES ('429', '2019-11-16 06:31:05', 47, 47);
INSERT INTO `image_metadata` (`count`, `load_date`, `image_id`, `color_metadata_id`) VALUES ('19695805', '2019-11-17 17:01:31', 48, 48);
INSERT INTO `image_metadata` (`count`, `load_date`, `image_id`, `color_metadata_id`) VALUES ('543', '2019-11-23 10:18:32', 49, 49);
INSERT INTO `image_metadata` (`count`, `load_date`, `image_id`, `color_metadata_id`) VALUES ('2', '2019-11-21 05:12:24', 50, 50);
INSERT INTO `image_metadata` (`count`, `load_date`, `image_id`, `color_metadata_id`) VALUES ('675437', '2019-11-23 17:07:02', 51, 51);
INSERT INTO `image_metadata` (`count`, `load_date`, `image_id`, `color_metadata_id`) VALUES ('23813005', '2019-11-17 15:07:42', 52, 52);
INSERT INTO `image_metadata` (`count`, `load_date`, `image_id`, `color_metadata_id`) VALUES ('547565141', '2019-11-19 15:47:54', 53, 53);
INSERT INTO `image_metadata` (`count`, `load_date`, `image_id`, `color_metadata_id`) VALUES ('675680376', '2019-11-20 14:24:28', 54, 54);
INSERT INTO `image_metadata` (`count`, `load_date`, `image_id`, `color_metadata_id`) VALUES ('6011425', '2019-11-23 19:37:56', 55, 55);
INSERT INTO `image_metadata` (`count`, `load_date`, `image_id`, `color_metadata_id`) VALUES ('68', '2019-11-20 00:41:20', 56, 56);
INSERT INTO `image_metadata` (`count`, `load_date`, `image_id`, `color_metadata_id`) VALUES ('814398', '2019-11-17 21:21:33', 57, 57);
INSERT INTO `image_metadata` (`count`, `load_date`, `image_id`, `color_metadata_id`) VALUES ('1654', '2019-11-22 18:30:56', 58, 58);
INSERT INTO `image_metadata` (`count`, `load_date`, `image_id`, `color_metadata_id`) VALUES ('7176849', '2019-11-19 15:30:51', 59, 59);
INSERT INTO `image_metadata` (`count`, `load_date`, `image_id`, `color_metadata_id`) VALUES ('28413550', '2019-11-18 13:13:37', 60, 60);
INSERT INTO `image_metadata` (`count`, `load_date`, `image_id`, `color_metadata_id`) VALUES ('742', '2019-11-18 11:43:35', 61, 61);
INSERT INTO `image_metadata` (`count`, `load_date`, `image_id`, `color_metadata_id`) VALUES ('8192466', '2019-11-23 01:52:20', 62, 62);
INSERT INTO `image_metadata` (`count`, `load_date`, `image_id`, `color_metadata_id`) VALUES ('9848129', '2019-11-15 01:06:05', 63, 63);
INSERT INTO `image_metadata` (`count`, `load_date`, `image_id`, `color_metadata_id`) VALUES ('0', '2019-11-18 05:41:04', 64, 64);
INSERT INTO `image_metadata` (`count`, `load_date`, `image_id`, `color_metadata_id`) VALUES ('909915803', '2019-11-15 22:53:56', 65, 65);
INSERT INTO `image_metadata` (`count`, `load_date`, `image_id`, `color_metadata_id`) VALUES ('625193', '2019-11-17 14:55:30', 66, 66);
INSERT INTO `image_metadata` (`count`, `load_date`, `image_id`, `color_metadata_id`) VALUES ('9102', '2019-11-16 02:26:18', 67, 67);
INSERT INTO `image_metadata` (`count`, `load_date`, `image_id`, `color_metadata_id`) VALUES ('70640956', '2019-11-17 16:36:04', 68, 68);
INSERT INTO `image_metadata` (`count`, `load_date`, `image_id`, `color_metadata_id`) VALUES ('585534', '2019-11-17 16:20:59', 69, 69);
INSERT INTO `image_metadata` (`count`, `load_date`, `image_id`, `color_metadata_id`) VALUES ('3169', '2019-11-20 12:00:57', 70, 70);
INSERT INTO `image_metadata` (`count`, `load_date`, `image_id`, `color_metadata_id`) VALUES ('263', '2019-11-17 23:38:36', 71, 71);
INSERT INTO `image_metadata` (`count`, `load_date`, `image_id`, `color_metadata_id`) VALUES ('679455', '2019-11-21 16:30:44', 72, 72);
INSERT INTO `image_metadata` (`count`, `load_date`, `image_id`, `color_metadata_id`) VALUES ('7', '2019-11-16 09:11:33', 73, 73);
INSERT INTO `image_metadata` (`count`, `load_date`, `image_id`, `color_metadata_id`) VALUES ('0', '2019-11-15 00:34:04', 74, 74);
INSERT INTO `image_metadata` (`count`, `load_date`, `image_id`, `color_metadata_id`) VALUES ('0', '2019-11-16 18:57:24', 75, 75);
INSERT INTO `image_metadata` (`count`, `load_date`, `image_id`, `color_metadata_id`) VALUES ('30', '2019-11-24 06:55:10', 76, 76);
INSERT INTO `image_metadata` (`count`, `load_date`, `image_id`, `color_metadata_id`) VALUES ('871747', '2019-11-21 04:02:50', 77, 77);
INSERT INTO `image_metadata` (`count`, `load_date`, `image_id`, `color_metadata_id`) VALUES ('0', '2019-11-20 12:56:16', 78, 78);
INSERT INTO `image_metadata` (`count`, `load_date`, `image_id`, `color_metadata_id`) VALUES ('2557533', '2019-11-15 02:43:35', 79, 79);
INSERT INTO `image_metadata` (`count`, `load_date`, `image_id`, `color_metadata_id`) VALUES ('7', '2019-11-20 21:06:28', 80, 80);
INSERT INTO `image_metadata` (`count`, `load_date`, `image_id`, `color_metadata_id`) VALUES ('1546', '2019-11-22 19:53:52', 81, 81);
INSERT INTO `image_metadata` (`count`, `load_date`, `image_id`, `color_metadata_id`) VALUES ('8672237', '2019-11-20 03:06:15', 82, 82);
INSERT INTO `image_metadata` (`count`, `load_date`, `image_id`, `color_metadata_id`) VALUES ('2702', '2019-11-24 23:36:12', 83, 83);
INSERT INTO `image_metadata` (`count`, `load_date`, `image_id`, `color_metadata_id`) VALUES ('700948', '2019-11-21 18:21:10', 84, 84);
INSERT INTO `image_metadata` (`count`, `load_date`, `image_id`, `color_metadata_id`) VALUES ('6', '2019-11-15 15:33:51', 85, 85);
INSERT INTO `image_metadata` (`count`, `load_date`, `image_id`, `color_metadata_id`) VALUES ('742', '2019-11-21 21:40:51', 86, 86);
INSERT INTO `image_metadata` (`count`, `load_date`, `image_id`, `color_metadata_id`) VALUES ('73181', '2019-11-23 10:27:51', 87, 87);
INSERT INTO `image_metadata` (`count`, `load_date`, `image_id`, `color_metadata_id`) VALUES ('119180825', '2019-11-22 00:15:38', 88, 88);
INSERT INTO `image_metadata` (`count`, `load_date`, `image_id`, `color_metadata_id`) VALUES ('39235026', '2019-11-20 08:54:10', 89, 89);
INSERT INTO `image_metadata` (`count`, `load_date`, `image_id`, `color_metadata_id`) VALUES ('20562', '2019-11-24 14:46:06', 90, 90);
INSERT INTO `image_metadata` (`count`, `load_date`, `image_id`, `color_metadata_id`) VALUES ('5008', '2019-11-18 16:37:49', 91, 91);
INSERT INTO `image_metadata` (`count`, `load_date`, `image_id`, `color_metadata_id`) VALUES ('0', '2019-11-15 14:25:38', 92, 92);
INSERT INTO `image_metadata` (`count`, `load_date`, `image_id`, `color_metadata_id`) VALUES ('7298', '2019-11-18 14:28:35', 93, 93);
INSERT INTO `image_metadata` (`count`, `load_date`, `image_id`, `color_metadata_id`) VALUES ('32684498', '2019-11-20 18:26:07', 94, 94);
INSERT INTO `image_metadata` (`count`, `load_date`, `image_id`, `color_metadata_id`) VALUES ('0', '2019-11-23 17:46:13', 95, 95);
INSERT INTO `image_metadata` (`count`, `load_date`, `image_id`, `color_metadata_id`) VALUES ('8635222', '2019-11-21 22:00:23', 96, 96);
INSERT INTO `image_metadata` (`count`, `load_date`, `image_id`, `color_metadata_id`) VALUES ('175661', '2019-11-18 12:23:54', 97, 97);
INSERT INTO `image_metadata` (`count`, `load_date`, `image_id`, `color_metadata_id`) VALUES ('145', '2019-11-17 14:30:22', 98, 98);
INSERT INTO `image_metadata` (`count`, `load_date`, `image_id`, `color_metadata_id`) VALUES ('43372609', '2019-11-16 23:20:47', 99, 99);
INSERT INTO `image_metadata` (`count`, `load_date`, `image_id`, `color_metadata_id`) VALUES ('301', '2019-11-15 06:26:15', 100, 100);


